c0cbe65b317c2dc7e504e648be5f431e,ccccccc
10c7c443ad17cdd1ee2c1b4e3bbc5f63,ccccccc
fee22c13ad0d3c5c5a83177cdaa1ec4e,ccccccc
25229775257305a7f099a5823740629e,ccccccc
6e926b5f60cc46331aa4b24b3908c2f2,ccccccc
a896a9b3786d9f6d1a3331fdf223f154,ccccccc
014a7f0d2b64936fd0556538cf23a64b,ccccccc
6d845280c994e750381d6dd0678831fb,ccccccc
c6335fe4eb0093f589e8895fea64679b,ccccccc
b60a1334b0d74abae9ca020101544691,ccccccc
33573290c5be62d714a47dd733dde4ee,ccccccc
9fc8467d53f122d0acc29599a5057d7e,ccccccc
bca854e015db157fb5e92d01a7211130,ccccccc
e64bcdc4a7e01db20544f6c0e708d954,ccccccc
7032740136c1b527064007d60ad7a289,ccccccc
1a7d33de5190eec2a314ffe35c6b7bd3,ccccccc
c8901e8a3f24757e7007911c2f3a5d69,ccccccc
a13c4928aa6725dfcaa114dbcd62ab10,ccccccc
0cb8330e6f856b648277ab0b5c867bbd,ccccccc
8fe8a5f67d1d744c15a9f77531bea298,ccccccc
d27e5bcbc8f5af9c19632aec0049d3c5,ccccccc
442b2dc36c912972fc230adb3e8cdcab,ccccccc
c97d2bacbdef209a09cecf356ef84835,ccccccc
da6e07556231299cebd298f028962828,ccccccc
cae42d92fcf6d000ba949b472a27a8b3,ccccccc
358b7cfbecd32b83abdcab7e30d7ed7f,ccccccc
b0664bec2da642507d9d58dec1d306e7,ccccccc
29a8e99120f8645984ea8807bb0f9b5e,ccccccc
f1ac5ef6a6a0698ffadcbcf4b151cd50,ccccccc
104f538e6720fde04cf48bdce836dcd2,ccccccc
9c79f2988753704f2ea6a9afbfce8d3e,ccccccc
98b1f5fa0799de587a98175da50ccd5c,ccccccc
4cf17a80b4b6b510fcfc7f6c2068d22f,ccccccc
7cbc7b0904806a926a136ab659b39981,ccccccc
9477c5323beaa131b51912934496ac98,ccccccc
1060f377d1bf09191f9ca4206ae019b8,ccccccc
17f8d6370bc66f27f14d42a2387c4282,ccccccc
814c7cbed4715245d9731a99a2d9705a,ccccccc
7efb5a699873c4d7d3a758967b253f3e,ccccccc
b16b283ad391d6555b7475c459cd9579,ccccccc
66f1ba2329103f2a690b077897e15bf2,ccccccc
e8882992841159aac313e7fc0de355e9,ccccccc
033a8a4138a277b63eb52e6416d6514a,ccccccc
c7dc636cf39f5a442d2817ddcd73eb77,ccccccc
7b8e60c9faa87d2b9f0fe4d2c417bb31,ccccccc
6c061cabf12aec8b1fd0fe0dd57eab8e,ccccccc
ada0bd9f169035e6fe74286b13bd5758,ccccccc
a05c75de18c6a6c72e389267c59a0bd5,ccccccc
bd0bb002895d951f3085ddecaf46e811,ccccccc
2d5cc7c62e6024c462b3796802744e0a,ccccccc
696ba633f779f326842e2e6fe300b920,ccccccc
415bf6c63577ae71c736e71b768cc1ee,ccccccc
9dac3fe432bf24cfec1e362c760de826,ccccccc
042c0eee4468360508b42648defe105d,ccccccc
d3a74b2d66f30d789ac147025890ca6d,ccccccc
afdb1bd02daf2945920187b8127451cf,ccccccc
54a8d8ab61c861747ec2b50b96a15def,ccccccc
06b15b033bedff231053487a54a7ff2b,ccccccc
e0f67bf76173b390eddf75e3c46612e2,ccccccc
8a2a85c06fc913e4e8be6c07966b9aaa,ccccccc
9273c756488398f1880e422d5ed1211e,ccccccc
f6aeeed9c728b7a0f4b22978866e6b88,ccccccc
0d6e51894f24e3b8973f1c84dac9a6a3,ccccccc
9558947602a4dcfb0ec89fefacaf8661,ccccccc
554ba18137e1b18dc5e58cef3ea609f5,ccccccc
739bfef74677d5bc5091d60258bacdf1,ccccccc
657696eeff0f517e0aac4b52edc7589b,ccccccc
8125819511cae4143091d217838e3be1,ccccccc
a0ddc24bc0778330ab2ea0282872be3f,ccccccc
0fda030caf6f91f41a2a91ab0735c660,ccccccc
a214c68f140fabf68f7b8ece05b567d8,ccccccc
744063f9566bce6d55e1be0b15484960,ccccccc
1827cae4aeb7fbf304f17ef88be0a083,ccccccc
3c638725c0fa3d95a5fda011554a620d,ccccccc
4660811b85129f8289edf6b4d80511c2,ccccccc
c404d98b5f2af2e39fa4cff1c3275fd0,ccccccc
f50b0c2f20882a47218e16e5fda44333,ccccccc
986ac60e2b0e984a7a73e4ac3eaaab48,ccccccc
5e492c1d4dd79b9b977aee5b97a3319a,ccccccc
7daf8b412eb16b398f077728dbaa0242,ccccccc
a7031f428175b2b46f8450dca9301c0f,ccccccc
3bf81e21e6a5d522d219f754e465fe4a,ccccccc
0a044b7d93b87462398da359f2bbe04b,ccccccc
ec9657a63dc7da0523dd403c9388531e,ccccccc
140f178b5542b044f566a2f5ed7baab1,ccccccc
2234c222b73cffdfe0820f623e6b1bed,ccccccc
43333d963869c714cbc4e7bdd18d98a0,ccccccc
2ae9569272d01143e33a500495d84067,ccccccc
de118c9aa9f8926e1597af274bd26050,ccccccc
282118630775dd8d7d14cfbad916dd47,ccccccc
65f000509683566eea9213b6609e5774,ccccccc
09ae4d3d906d0593c4efabf0a1b10252,ccccccc
dce6580fe2396b7c3c64cb23c713dcd6,ccccccc
c7c67cf7ec3fe1b0a18762780455846c,ccccccc
fdaa7668c5b16066de97d9b50ed83c98,ccccccc
7ed5bd5320920551f5eb3ba4417e1996,ccccccc
a0db65d5bb574e7cdcd2cb449093455e,ccccccc
2c57d0fc84a00d08293f2c586916c23f,ccccccc
2cc0a11216f797a2ac42c7a4da69670a,ccccccc
4b0d396b2a69e868af7eade0fdc5a15c,ccccccc
7360545bd73a85789da28df7a1c4553c,ccccccc
3e4cc11ce9801c2e23ac574db98dbcc9,ccccccc
3c176bf05f9ed283d6b86bed0e277a4e,ccccccc
2d4052b5e22295830254e680e8cb090b,ccccccc
f41111b2a87e52413d47e66589d6c684,ccccccc
eb81edbf085253947fffdd4dd739133a,ccccccc
51d58c6b175e1cd673faaea143036f65,ccccccc
c1eb611d34cad3bcd900fc3f89f6bee7,ccccccc
26dc5213803017a626672599b0a46269,ccccccc
34f9715a06fad1cb0d4b40e4e9a75489,ccccccc
8d52edce4d34a3678b53d290e88cbce1,ccccccc
26300fd18623664cd5011ef19a09b3e0,ccccccc
6781c519675d2ad38476e9792758099a,ccccccc
a823557fc056ee7175c678450039314d,ccccccc
6cf919cb87bd529a719e3e7b505a6bae,ccccccc
8a43bb585dc5c257adf28bc2e07e4c30,ccccccc
0958ece8097e153dab294062b9ea3487,ccccccc
8e9083bea2007508cf6de8115403c044,ccccccc
4605521852eb27c65b8fb378bab8faf1,ccccccc
619b31ee9921e2d2b50e71e3f77929a4,ccccccc
0faf5a3c5f79b8cce0b8bf15a319cda0,ccccccc
3dc959749979d50bc792f9c2ad8138d4,ccccccc
e6a77daa17cff64573ce02e064bbdbf5,ccccccc
756df567233466358e81dfdda245d392,ccccccc
e6347c3fa8f14b422191f8224585c8ae,ccccccc
5e4c1687bb0e3e0050a3115c1a1eb00b,ccccccc
e940f963c9aba36a498bb64c3f36eec5,ccccccc
930ead68c02461e11130a406491572c4,ccccccc
82a8191f861b46b095817184c326da7a,ccccccc
0e49392370b134e39b03ab3b236da4b3,ccccccc
f845c151fe2bc2829ec5f26d7ce4e91c,ccccccc
54b1b6fc52f81dd3b1f5e0ac3f4a584f,ccccccc
457a9eca06d85e494b28246670f8ee0a,ccccccc
b71c28a6bf4078c08d2534063ee00272,ccccccc
08701e2f62f16c633ed9157e00c36d1b,ccccccc
65fdd637628b2275207bfee7dce1d8a8,ccccccc
0cd66c9db2ac9b1444b466cd1ba3b562,ccccccc
66f882282d4e143df90d901e38d4bdfd,ccccccc
b0580b964dbf07a3e9e6e2729867eba8,ccccccc
4611707d14ad6793e3724c02472413db,ccccccc
db41d0a7916e2d66af8e7359df1d525a,ccccccc
e18acb62659b91719494ffc4bf33f3c0,ccccccc
0795a18db240549bed9514367de3189c,ccccccc
031afb3b02e3b64ecb58ede8fa29cb50,ccccccc
01b8a8d0c9aa1888732f12fccc846d9c,ccccccc
1110f889b0f09df490b34d5b62a00514,ccccccc
14c1bcd8e57579e287f03e798938ba8a,ccccccc
d5b5cd3e5072123c2376153db8691108,ccccccc
dcdedca76e82ea9a9c812c5c99468198,ccccccc
42336fd5a8b3550b35ef6416da5defe7,ccccccc
c6d6ef1d5a80f15a388793be2b634b49,ccccccc
008a3302484f8683f8be442dc3501b11,ccccccc
71857cac18e1265ff34ed7067774c75c,ccccccc
92b6fde73ee7090a42f021d5aeafcc52,ccccccc
4237a4f1dc957f00094843088bcc5595,ccccccc
8ebbc09d1d8d99ef1344d4d72cfdb0bb,ccccccc
e7062bc522b8fc53f2ed5a2557621add,ccccccc
cc7886478c7ea11789f50b5beb16e83e,ccccccc
20bdd4968d80e92ae6410dda7cb7e405,ccccccc
e6f2c13d9df5a6daf75595c0040e5382,ccccccc
1d4d2b5030994a3e30af718dea21069b,ccccccc
183e468dbd5ff8c9a8f3360b5fcaf278,ccccccc
44d304fdcedd8ec4b008de9147a3eeb8,ccccccc
eefd3834e361e5a93e171d456a0f34b7,ccccccc
d0de7d694212742d236f4656286e74b5,ccccccc
467d184a3ff0361b7881310a663bd2e4,ccccccc
e12ace0de335a47f9b28182d4826d6e2,ccccccc
5dccc45267d47fe97dd751ccbcf27190,ccccccc
36a5cb435df2fc0a56c735203556324c,ccccccc
ecae67a6263b5f2c6291f6c90b04d2cd,ccccccc
5bd4361f2b037057588e2550e1141573,ccccccc
c7ff8d3b285dd3eefd64eb9a9c525030,ccccccc
e54d07fbe645b12c8efeace2d4b7bab0,ccccccc
d3e3ebac3d1865b8b3e0c76ab715d795,ccccccc
cd134f49d92c77899d4560f9d3953bc9,ccccccc
f7e9e5e28fc48eef70af8792fbe9ce9a,ccccccc
6790653ac139b5889afea1647cf01d92,ccccccc
94e3cf3c84bfff985dc22ea99e2613bc,ccccccc
b5ca9d9b1d608688e0386ae68d1f4704,ccccccc
3da26b331592c33716cf5b7e0381244d,ccccccc
1d6a939a0d6c610cf8f215e1a22afcac,ccccccc
0ef1aff8592d4598024e58373c558dc3,ccccccc
d2ac526c7cfe5419dd6114236d5643aa,ccccccc
9329c1537d89e88cbddae1e3117277d1,ccccccc
862b3810021c325190416b34f1af985e,ccccccc
37a361f6b05eb6eccf9aaad194622a6a,ccccccc
9220f06f4b973d2ad9324460f8ab98a1,ccccccc
75db65eddea8defc3ffb2bf1678bcb31,ccccccc
9172b20332c4b2e68533afdc16777a2a,ccccccc
7e0689b79994e24fdc7317bf12d838f3,ccccccc
f435f8781118c67b2d216aed72bc55a9,ccccccc
e094e30eefde8bf03192b5bbc0d3dc84,ccccccc
97112289547c83dd31336caec07c3d33,ccccccc
8960253f775559caeccaa284015aaf16,ccccccc
1bcae57225ae264be9cf2bea96ed2165,ccccccc
35ddf5acc47c06637b583224e9ad62ea,ccccccc
b33dacc9a0dc908b8fa012a36f9919af,ccccccc
1f482b7fe775a5fbe84ceb1de9bdc91b,ccccccc
bab9299f5d40a9203fc59d0a9c9f1c75,ccccccc
acc894da42e2d3ed8400792991725879,ccccccc
7d7ee946397720faf04a93dd06cc6b16,ccccccc
df110939e2d757abceb0e1f3bcfd0f18,ccccccc
5fa60c82386e2f23102fa6ffe2fc64ad,ccccccc
544b05b1b4991f2273fced7660743427,ccccccc
14f8ef8ecd0e059b2278b827b9bf6617,ccccccc
a953c7676577e17388945d00db78f14f,ccccccc
ae950c858b1a6c145ff4e9b2c8842cb9,ccccccc
5bc637c188eb291c85f05446d0e660c0,ccccccc
725687e3c90b4a52e0f7301d5e83a0dd,ccccccc
a8efa6633599c02c36855a4848adae5a,ccccccc
a3417bbe3100041eb7ad9a7230bcf924,ccccccc
bf00183b86a7a0641ebaff3ddd0a3332,ccccccc
3ef7d77cac56739af1b6666db234fc81,ccccccc
31582442d5a17ee5fe305f4c01078e46,ccccccc
511fb86df326c7fccbd3aadb4d9990a6,ccccccc
8211eb790c9315c2599fde804e03329c,ccccccc
82e23414f4dde13e6ed828e420bfd369,ccccccc
0fb775a031e239d3bfb8a8938e2f23a4,ccccccc
1971ba6c32222b8b25fafd011ba5353d,ccccccc
1fdbe4d18ee4221b601236fd21a25d7c,ccccccc
e9a6b6043139af98ede048e76989fda9,ccccccc
4cbf31a13221db4e73de4b05c0cd6c72,ccccccc
7429594503dfea78cbdf09e7090b2a92,ccccccc
0587a4cab070a03bb51822524d35ac6b,ccccccc
4c97a724a1eb0a4f4be69e6ea008c086,ccccccc
0eda3fb01bead34209496d84a504557b,ccccccc
71594ffcdae542ddade3cc7ca9c5a0e2,ccccccc
3178dd4731f7aad848e250caf5d7f0a5,ccccccc
414f01211bff4650f97daf5e0b04c1a5,ccccccc
6e518d4d70ef1efb057e7974ce525f16,ccccccc
0309a702d840d8e9d701577a7d51bdaf,ccccccc
b978d264a768346b7c4847cc71563791,ccccccc
cd160ae74834d4947ea2b66194beb545,ccccccc
e9c604428de7c909c16cb59e9395f9ce,ccccccc
85ea9132372b578810b06ba76728b55e,ccccccc
b1540bfc0ff4e03d3b5bd0dc8a86e933,ccccccc
bae2de24398132831619bb18fa09e052,ccccccc
f34a2f0f77c38c62fa1ab6a7fc95c836,ccccccc
ca86ded254b26cc51ea2e6cd880c4148,ccccccc
5b6bc44f906c55e6a92aed58631b1065,ccccccc
30c3f6d0f218e8cb11469354503486aa,ccccccc
f7fa301080581095c52cd591bf4617c6,ccccccc
76264c328ea8ae8ddc02912ada02bf52,ccccccc
f96f7ce3a3601e8da0201f10bb19eccc,ccccccc
122e4baa1dbf9541792b8881c838aa85,ccccccc
16b011014be70d2442991c802b47dae6,ccccccc
630b4a3f5466bc29e686d5e65e3be5a9,ccccccc
7f209eefd86567c5fd91764b86168e9b,ccccccc
1b957bd8be62065af0491f40b0257b97,ccccccc
3dd8d132e5043a3a901a1adad517eb10,ccccccc
28ce7d54a2f6ccaa78e29e26698701e3,ccccccc
38647e69061bf0194bf97602a0d60fd3,ccccccc
7ea44e591312ecfa0fb151be9c4b641f,ccccccc
2d6df1ec1fdd57b5831227e3fbe7b6ce,ccccccc
aa033616f5d62da173f04ccef9b542da,ccccccc
00b235683a6a044e8e61c32761111842,ccccccc
58fabb21a47e177e80411fd7ec13274d,ccccccc
80bef6786ff5eb0e5650b74c3524b5fc,ccccccc
f959e968d147d4e304ce8d13ed139d54,ccccccc
8d5460ba3194499db5682497a23bf243,ccccccc
e896d4c71be8f54d62dcc8e30e8e97ee,ccccccc
efc9245b19fd612eb80bc47715111c4b,ccccccc
7e0ef4ad20822fa8dd98b5dd001b18bf,ccccccc
1db34ae741438d767fd4e9e38166a5dd,ccccccc
0626cfcf0871775bee94f5bb932d20b6,ccccccc
5429098e2de7eea6ce94441443bc7d7b,ccccccc
f4b6c7a1a3a5acc19eb3fd9ef295b666,ccccccc
5c62e2a3b97eb097b8594efaa6a74342,ccccccc
211462954a6eeb6f73c19bb67fafd146,ccccccc
6119c461aac8d2b3a1d1cc4b7e559898,ccccccc
37b973119cbb56e812a2701afba08a89,ccccccc
a40adf9d4729c8a0a5fd3cda6ab48e66,ccccccc
d3f70e86b879ee03de1553579e7aaf8e,ccccccc
1a52164977af441c0873e247fe719590,ccccccc
2c94d4622e06969becdea3e934f52cdc,ccccccc
844b58b7aab9bc04302d9887dd98ad4b,ccccccc
62ed9e6424cccaf5a4b01bb6e051f869,ccccccc
244d04e7bb62950be8d0bda22b0a3307,ccccccc
ddb2188ec131fe7dfa29029dea93d560,ccccccc
4e6b47bf566d1115e356e00cdc33a40f,ccccccc
9a208aa75ff2f85ed54c4560e50c9fd6,ccccccc
d14062a2eea57dc51a855a42fd3a401b,ccccccc
a53232cbca100a970b11a0d9814cf6bb,ccccccc
4012a70ce0285f560bb0a3689b6a09d8,ccccccc
45e5ff50a8b7a3e5cd928a5171bcd47a,ccccccc
1a32596450967f9e9994f81f75c53add,ccccccc
77a37b779713bcfa6179a5350a095957,ccccccc
83e22fb51a5e1df28cbd7eab18d25bed,ccccccc
4768e49e5b50d137c7ca448a515e8eee,ccccccc
e888817b4ab84eafbcfcb34fd7045cd7,ccccccc
1495ca5ab1c415dec68619064c89bc3f,ccccccc
e209cadcbf40046a4046f5340b3119b5,ccccccc
e1b44dc602e0237c1fdd86a088d1886f,ccccccc
d697bf4d73572cdf0ef3c525f888c364,ccccccc
f67b95f00fbf0da400e9f0a6dc72474d,ccccccc
502acd005547838e0c0f19c976de5855,ccccccc
edfb6be0e529a54e5008d4507a9f0a91,ccccccc
5dd29560c3c65016ea1412e685bc1200,ccccccc
c43e8f3a5f9ebe86b042a3f165580037,ccccccc
646bfe1e9f77397173e935c43fe4c5f0,ccccccc
c5519dabc0e5514b6bb0281c46158fad,ccccccc
d6432e1c5ccb24ba10930d08deb4f1bb,ccccccc
f2f207cfda1045df49014c5adabc8b11,ccccccc
d42574ffd64578a1c93db917f82a73bb,ccccccc
b5d823eb98e92e9cea8771d92845ff75,ccccccc
96574385ba1aa7b011869415d038c513,ccccccc
ebb4b5bc406f63fa9b2307b4be2efada,ccccccc
a3aaf28b772ef0fbe7234e45ffec43c4,ccccccc
b8c050269cec468888dbfb4f469e5b60,ccccccc
816a0776dcfccba3996919351beef355,ccccccc
d96f14d15888fe4f17f6de0da2f94923,ccccccc
0fd24bb5e3e7aeaceb6ec1d01abf61bd,ccccccc
d856af84d656207ece40bdbb60b7a904,ccccccc
17ee84901f6909bcd4f9937694979df7,ccccccc
cf07d02c9e917f58e3c9f4f687b797e5,ccccccc
7e2208f751907d97e7add58a9fb9a1b7,ccccccc
bc2aae9a54e619d0adfa08c176e7d546,ccccccc
783aeeb74ba6a7e834548ed71b796069,ccccccc
44f5f36f29b807ea8eb5ba83031b1683,ccccccc
71d043cc0a38def10e1ee8c8d2359324,ccccccc
c2a753d6e7a63ef83d46c51e48511b50,ccccccc
a43139ee5fdaff50ca818dc6ddd598ed,ccccccc
aebba09720fb44e50c744a252844d8c7,ccccccc
2c9680ca84a0c7587bcd2b9e43ddd825,ccccccc
6288dbe67666ed756eb7b0b76fe156a2,ccccccc
dec181db8af48b3e771760b3b2f129d1,ccccccc
44dcc6c2631cdebf5178ba8b8a69c13c,ccccccc
0c39cbd683b8ea9ce8c8a7dff4f7a66a,ccccccc
cc1afe1eb10930d917ed9d164d9bcdb8,ccccccc
1cc8553b4571e4ad7814d3c338ecdca9,ccccccc
6857247f3f615287e89b669b4e389ac3,ccccccc
64d1a8c761cf62a27b263181ec1bbf3c,ccccccc
3596be85a7986ebf9d3bb88fe77bc76e,ccccccc
804684b93cc6ff752680d2dfab3777f5,ccccccc
8f58fda18e2ae11109e4e7c44833a9aa,ccccccc
a15230257e2560af6d3f5a1e0592f620,ccccccc
f3560d217cea529d19eeb3ce8eecb85e,ccccccc
8d2a2b4499c93a5b9e3f03160828a4f7,ccccccc
b1e883d458483b2d4a77a3052b5841f4,ccccccc
e9e2027c2c7b734b7075df273cd032a7,ccccccc
cdc850995b5b3d8a16d96f6afc84f81c,ccccccc
50297bfeb694113bf710c8f447334395,ccccccc
dc910524dc88ea20398938b72817cb98,ccccccc
ed1bac929670bf6a80b20f30e0ee93ff,ccccccc
5f76cba7bb49a2a18d647bfeea4f24fd,ccccccc
467051f089d68ee80e34b01f94b924d2,ccccccc
a15d82d864438596b1b0073c81f79168,ccccccc
2ed2ee0fc250ca5f1a8693c32bcf00a5,ccccccc
df6a1afc784bf3b831e95bf3aecb3109,ccccccc
6164eb2f5f1bea4afe12d0cb02f72c55,ccccccc
9103d5aade1e353a997d7c55f505992f,ccccccc
2164c7c335eac333000e84b2039596f8,ccccccc
c79221ea4690de18dbd30f8c122716de,ccccccc
b90e0beba84f1bc5e627a7fb1c3f69c6,ccccccc
fb560013a0572408603cfdbda67b83f5,ccccccc
8765185a1ec13a8e2846728a992f37a5,ccccccc
114f39f77989b9396d628865e69d2263,ccccccc
dac5a7be3c045bf8b155b65dfeadf03f,ccccccc
f88bff45c03a0820dd98eeebf0d03124,ccccccc
dd69b954aafb64da3e9ceeba6b682b18,ccccccc
7e202b84e372718b9d3a2ef4f8b4c043,ccccccc
8d5878b5eab9dc005cbc9fed8b357d7e,ccccccc
7c21fcb139ade57c8ef84676ab63745e,ccccccc
8e48e2930b76cedac951181d6dba439e,ccccccc
865f341c938edc613496fee46d03d387,ccccccc
f07f83a93ff9bec085c2de3ebd1d1de3,ccccccc
56c2ab1ea3862d36f3f7e6bf693084f6,ccccccc
85ecab6a54d23c37a2753667bd77a2e9,ccccccc
513983ea67161d1e1bf8fbe7dda3d382,ccccccc
2e2a75a55e85539693bd01497dcb1643,ccccccc
ce3bb0713438598c61621192f845789a,ccccccc
b57e4f0264ad0cce527f3a79184871f7,ccccccc
63374b931de21e7f5677e6000f273654,ccccccc
6899bd10112b8cb9be7526ca0473a611,ccccccc
c0f9a96f331728d6186f61ccfd9ee8e1,ccccccc
9101d9116ddf4a5fffd0d1587b428134,ccccccc
168fa86a1097fac0894ede9cc18fdcbb,ccccccc
590aaca8fe4611ee1e1b063b9b84dd1a,ccccccc
ce22fbc60690b8aeed944d855ec10e18,ccccccc
0dbd0597c671914c5a2a69d23a06769e,ccccccc
8bdaeac87ce390b90521ff671245a186,ccccccc
818248bbc426cd4b2a959f50c508a82f,ccccccc
36e039e3671931eebdeb8e8a4a21e325,ccccccc
45a523b8edac79b503a26fbc50a20225,ccccccc
c4ce23ff17ce0ceea2c61726ca6a1315,ccccccc
601d476ac1d508a541a3212232d88c66,ccccccc
dd3a57bb1c87a1a7530a05c9dc5bd348,ccccccc
66402810138d62e608698e7106e24d06,ccccccc
387e82a69a828807bdd1acce6946533f,ccccccc
09f8db20738feb18791d73f95a0c7070,ccccccc
afba4dcd348654fe8853d6885624216d,ccccccc
adb4bd2e7cd5b79736fecdc3c8409d97,ccccccc
25bb5416913ce949bce4e3e418df54f1,ccccccc
d02888f0316b69fdd3870f058cee4af6,ccccccc
1ab386be7dc9fe350eadfb504f3a35a8,ccccccc
e40089f711452c2506c0f4a1747ffba3,ccccccc
2e340e0758dc4e9d80dbb24249363c47,ccccccc
3a3d175e4b1067bc92fa588532d99a83,ccccccc
245ab2d6c86daef2bb2a863fb8ec5d65,ccccccc
7438ee4acf4514ceaabe4658d4c0bc9a,ccccccc
065a77c3ff8cebef25c19d444377bcde,ccccccc
e3d7d58a312adaec36807f626e1fe252,ccccccc
7f26d703f7235bc36a8919ee221a36e0,ccccccc
0d29255c1196c01c4aac11b9681d7b9d,ccccccc
661de643a0e6fdfd90155e7ffbb08822,ccccccc
d8474fdbf438bfa7a97ad6605fb05dd6,ccccccc
30a8de8914529032dd1a4089af7c5a30,ccccccc
b809e879dc30760e720b75e1d9c309b7,ccccccc
b78e09e334df1ee35f4806e61ddc425c,ccccccc
701db2aac78ba42221f1bc169a184f74,ccccccc
577aae8079c315abd9a3477f27a9d46a,ccccccc
be4ee9a33f6f49d4e97e788894e83d2d,ccccccc
d39e0cd697a571d75a0b8af11523942a,ccccccc
59bde942537905264e1db556b544cf8b,ccccccc
4f384605315bb69380a67b58c46d877e,ccccccc
99b70bebeb05a04ec8d04a2b91baa2ed,ccccccc
1b865edb5391f0926c21929e03914fd4,ccccccc
173ca69c94fa767d00a5e40fdfdd4a7b,ccccccc
3a080ebe1c3099603b1a321502375826,ccccccc
81c6b7ce972a3cb724ed31ebf3ad22f7,ccccccc
5c15012e3d808d39fc903506204cbfda,ccccccc
71f6c88d39b27153b19cfdb732ad0605,ccccccc
9c4440b47fb0ef20f6509200b4d9f64f,ccccccc
fbf62625cd758a91926ef02ce53c5783,ccccccc
d45abe9cdd37c56bc6fb06c69e6ea069,ccccccc
82b7b134c44e31775fbd7cd6bb625709,ccccccc
f2dfc649bab60fdf5247bcc8b1bdd1c5,ccccccc
caaa9c6369976706e15909913d4825a6,ccccccc
f93e1eb035e97914b39075f8e4a1502d,ccccccc
f5b4f09a768f6a824d08eab079945b43,ccccccc
ebb718668bbee3e6a5bd9d0691a32622,ccccccc
a42a9a06500e32a3fab94b9d637635ed,ccccccc
1d2f5d6ff1d208488a99f43e1140895f,ccccccc
4ef96b87c55bbbdb76f881b7461e7900,ccccccc
34846391fb77eb5d21d4c8c7490ea023,ccccccc
776ca30d051f1670a243bf25fb98dd6a,ccccccc
12f5cd2036d01484e660a61b81ddbe1d,ccccccc
9e72fb42dc77bd6275725bf650c264a4,ccccccc
eae6d67525bf0bb0a499e3dbfcb2dfb8,ccccccc
96d5ba83473512fe2fda876b5e64c78c,ccccccc
e8f6656575935f2e744444468d56911d,ccccccc
2e09c49bb5b44c47aa49cb628f3117f2,ccccccc
92298bf849f8683578b14c049ca305a8,ccccccc
045b312077f08d801a12232a226cb2e1,ccccccc
9a72bfa124a9f3827823c7b7c9f50acf,ccccccc
3848116e354c8112dddf25c07f221a4c,ccccccc
2944136aad11b4301c8d45f6ef8ce841,ccccccc
aaa183ceba137ef11a121ea69ed4742a,ccccccc
e0ef506731d4a95704f983c8d9af2c4a,ccccccc
24a5c63ae338404da21e1e4133a9aa5d,ccccccc
2da49276c0de87f943e0aacb31958748,ccccccc
6281fcb5b02e9f074e7db1e483519aa0,ccccccc
c3eb9f37a7ef2cb167a92ab57a54198b,ccccccc
3e1e11df419414656f3f0d24f32e5266,ccccccc
3a4159c2cfbb18368a0898935c508378,ccccccc
cda08ad02f5811d9175a0e87c303d66a,ccccccc
827c3414e4d25f43c22860db3d7e781b,ccccccc
329ca59f82a9b17ebc081139fb0d13d2,ccccccc
552b51aa27779e926b2b2e13d7271c2c,ccccccc
fa1e03221dbdb6d9b5eac9833696ee0d,ccccccc
941891fcfbbeb0a8c35bc137b4be23d7,ccccccc
9996bd0a403ea52a32b6f4344ee9ed24,ccccccc
ce0ad2e08d7ab8eaebb5172bfe82ec83,ccccccc
afc5a24da8391caccbbb13d73b4576dd,ccccccc
7124ffa9a665d331867c96bac61500fa,ccccccc
5dd302a77f1051eb86bec14f2032c99e,ccccccc
30b14e4163daecc7db5e9555a6222d6c,ccccccc
a0b581922b18d1329cb374eda99c0867,ccccccc
8357bf1bac5d5bedaf9392c40fcfcca9,ccccccc
68a24b2acb0a167f0a86668b8ad28654,ccccccc
7de2c34b0b5e8a4c84c176958adc8734,ccccccc
7f86f73d537c99a46ba0ab1e784e77af,ccccccc
f806bba9972a398ac11b1a19ed0a2246,ccccccc
7fc44b768d4c41bf625e73da3dca9c79,ccccccc
0ca8a0a380e3a999fcae7448b08d0b40,ccccccc
f364f5521f848bbe6fa352a42ad16143,ccccccc
fb1ac96fd677fca4dd9803740911df36,ccccccc
2ec83ab216f590ec9e6aff6286c17080,ccccccc
17a7e36ee8ad6670f232abb64588fd6f,ccccccc
3a0790b87a9625fd98c6a117ae56ec27,ccccccc
f3d3f195f4091429646652b9bd7d01b4,ccccccc
a118db3917b1fa0b9ec1430af226a5bc,ccccccc
54b55852a5bb71ca24bc0bd078c0dd41,ccccccc
056e77ababd0c681959817b750600df4,ccccccc
340ab6078b27c18d9fc7c72a0c5241b2,ccccccc
42d4c146f58b39e33118d7f6b44f5f1e,ccccccc
35764f86412a4b33aba626a007e923b0,ccccccc
31a89c9808eb7d475ba318a1b355f7d7,ccccccc
6fb545a2cf48c53f4bc0f2fd93033e68,ccccccc
6867078df7e69d9e61a81146e34892f9,ccccccc
700006cc1894ec2d3dac8cb8bdd4e4a2,ccccccc
ee165c4a04ee7ffe4d299c9939d3121b,ccccccc
e4c2850d74237ccd022b1a3b2586363f,ccccccc
11a630aee323a9c2f7ef26f75ec5dd86,ccccccc
f746ffbeb15d0481d2aacd3af76c5c5c,ccccccc
7b0a3b607d9bf5683108c327aeb15f46,ccccccc
22ffa458a5083e33e0c783ee3b02f327,ccccccc
c2bdbf3ecbfe37eb888141bc3a3bde89,ccccccc
2f417a2517f2fba5ecc533410f1fe155,ccccccc
87e1205e6e61f25a8189f7754fb1b481,ccccccc
72357cf4f461d927e0309805c08fb588,ccccccc
2d5655b51a167c7f86bb63a5f233bbc1,ccccccc
b26c7cc247b7d7669f5a0425b1723c24,ccccccc
9a42901c48d69fa6232c02fe863d9f5f,ccccccc
f1c4ed31e1a7b76d4e0fc55503166009,ccccccc
8b65714bbf042c17173bb61694729110,ccccccc
c0029631e76ddf71de974b8381b2b529,ccccccc
87b8a94bc0a3ec76114b66d9f983719a,ccccccc
b0b6231004619ce2c175acfd914a86a6,ccccccc
1ef68988d03618ef8d764fbf114dfbdb,ccccccc
9a9467ded6629867d9c1f138c478353b,ccccccc
149073c17dfb9a280d7b61a0e6434750,ccccccc
6c098a1f00557ddb994d1f44466df630,ccccccc
7707cca2f26b9ea529046eafeddc1d8e,ccccccc
7685f257b7262fd60a798613342629d8,ccccccc
79a688acb87abf9a3e7d039f91880641,ccccccc
c09e63051d3c2dbb44ab5b374725c2be,ccccccc
d06c1a7084c8fb5f0c5a63a3bbf5970a,ccccccc
13842a5b5f24d8d14ed7ca5740fd0fee,ccccccc
d6767d966a0000bf79991115f67fe5cf,ccccccc
22a600a3ad283bd6db5b9f43a5aebf2a,ccccccc
cde518c316f7eb90bbfc26e6bcfd774c,ccccccc
dfba3214ef2dea8013fc14fef8b1a745,ccccccc
3e85ee9d2a886d120d806a5fc6b3d788,ccccccc
d96d66419be7689fd7ae328818afe800,ccccccc
3b63b58b5fffb48ee51b0cab0173d1b4,ccccccc
9e51214d3855ff9957f4437cfe3fc3a7,ccccccc
cf74a5ccdb4a1e427fcdd2a193816a77,ccccccc
09efff4111e4abb28db2b482172fe91b,ccccccc
8805051a830c41413abc0ebafe659da3,ccccccc
cd5cb96c2d26767750edbe58c5713b14,ccccccc
b0578d62bb8278f5b85f2ba6d4b9aaac,ccccccc
d2e32395b340e3ce2e17b44031ddd623,ccccccc
027f3b60d677253fdd9abd80f56c7c2a,ccccccc
f348073557b779cb5b9a2f2440abe5f5,ccccccc
b6d171f03fb4739dfb695aca8d5944ea,ccccccc
4526ae22df76312797e2872434eccb42,ccccccc
e8455129dbdbda266fa10baf91756644,ccccccc
d5720a96f839f29708e96e34a99df4f5,ccccccc
aeab046ca77735943b8fd0a3ac6d21da,ccccccc
8afa57c0f0a5fce13abaf2efa03c9c02,ccccccc
e81cee5247514a637baf51ae231ce926,ccccccc
e98aed9ded20cb78036308b9a8df2316,ccccccc
644ca46ee0480afda3b038a79af540a1,ccccccc
42595b7acf34616fa08703c36a5ab3ee,ccccccc
109733cf5af57936bb2edfff36816617,ccccccc
e08972c87dacc242376f04090438a47a,ccccccc
54496396a48cdae2c41c8c4f95582a26,ccccccc
b8fd2cc8ac24ce6a19a7d323d08fc17b,ccccccc
ab414255ba9fc5548dd68aeecf53a08a,ccccccc
fde8b26df8db93c614beca7955db500c,ccccccc
1e1e1733df750217e338ab7cc6a47842,ccccccc
c4bb7686f7780c597e4be95d4635f100,ccccccc
289a121ebc61beb293b9606ef1e3337a,ccccccc
02ff6d2b20da8ebdb6e725a4fd9bcee1,ccccccc
d80941974f57d8e2d57416109fd899f4,ccccccc
6c27f50feb71d0e42cacbebc47ee415e,ccccccc
606f4b276add7d4ca2303d2043b761d2,ccccccc
dd49f13ef5567b232f5faae56a315af2,ccccccc
bc12ead7c07b6d4b971bc935cf61917a,ccccccc
b87092b751aaa2643611a22a5fc18ab9,ccccccc
98c4bbd516c5cb6c11d6a5500558b7a5,ccccccc
1cd07e523b192a871391ea7384ae71fc,ccccccc
c3de21e8f204c65051d65a58352e9cc7,ccccccc
12f5243f35ef08309ec3055210c188a1,ccccccc
38cf0ec79ef07fb283d5a9d55f39bd58,ccccccc
d5071926425751016a1f5f8ff0c0338e,ccccccc
51e844600155224ec0e4bfff4cba4dc0,ccccccc
75d615de196e84812a397766d244dc69,ccccccc
9d95e471769a6258fb52c922dca4d6cd,ccccccc
00126128dac46638441449fb65c9d1ec,ccccccc
16d8c50797596daaa1da02486812501c,ccccccc
87ad9f6ffc53c4af36cd8dd7a79f63b5,ccccccc
664146292f64d9ed4d20994abeb05398,ccccccc
07d1bfb930d59a5c6f6f82b814df0e24,ccccccc
3fea10c3d9e108b2ae14e4f0b8cf225d,ccccccc
cbcabbd3858b21baed1265b986500f77,ccccccc
bae759121e4120f33849ed3ea95d736d,ccccccc
ea309536657ed35e5b4a53ba1f7956f1,ccccccc
b9c92f6a38563c303d79963cca856272,ccccccc
d810d14236c73ca7dc38f23a330d5559,ccccccc
6c31b44fcaf4bce1bbc9711ca3e16312,ccccccc
5baeeb8cbaafadef0bb232d653b0f152,ccccccc
1a523ce51c602b7e76e080a7aa31a516,ccccccc
06518bd1e91c195d08a44932a27f28d2,ccccccc
59d8d3986e9151de73789501b1056154,ccccccc
058c49023033d9a30a2c56c1bb819e38,ccccccc
f87349c0aa86b1cff7c9a9cc00879182,ccccccc
abab2bd5c13eff5fae27c733d92ecfb3,ccccccc
dbfeb31235f453b04158f0fcbcecf072,ccccccc
de4ad89ed1318728d2c6f24dd2187dd0,ccccccc
c558fd0057a4dac08ce884beec81a7c5,ccccccc
e7a891ee1d6700b950f9ab3c4d66e0b3,ccccccc
a037f7d7a5c17b0ea77becc6ce770b53,ccccccc
932e3bca315331e98a632089f1fbfefb,ccccccc
c222d00d8f9d534f1a6ab5fa7351050e,ccccccc
5f4855734592217cad01e933e4a77c51,ccccccc
7bb21beb1fe0980969c745d999f34a3e,ccccccc
a6a00a1b802fb4f9dfa3d38e086a5650,ccccccc
61e1ad3b600d432c21a2dc423920680d,ccccccc
196cf8725978a5b0566729099491f66d,ccccccc
71bf4f19c705394ea51bf0fd93ea86d3,ccccccc
972b23b8b27f86efd7c61b5ed8a1484f,ccccccc
6f2727d28f00ac0fb7e6ed870baa7021,ccccccc
85e194ccdb6c1a6d22ac5b5866fe334d,ccccccc
22595c92182b87bc0b256e5dffdb6a5f,ccccccc
d6ed7336c9797d7904155239fadc69c7,ccccccc
a14ece57071272271180dd7de532f789,ccccccc
5c7ae2ad5bbac5c49d52496d6b9895e0,ccccccc
b7b0cc361d00a62ead70dee715935b28,ccccccc
3cf0edce4eb32fb7c0f5d7ba9bc97b82,ccccccc
b209378d75d17d6937eb3546308527d8,ccccccc
59f7da0b8c8ff0146c505dff813dffe5,ccccccc
818b2fee9951679a32b24122142049a2,ccccccc
ef4ba535e708884052931ea16de0a799,ccccccc
ff0d36754e8686396c095945afda2b7a,ccccccc
5534529bc1913c134d2402bddaa67eda,ccccccc
a63e8ede9c46060dec5461e9a76fa55b,ccccccc
f861aa8fb3d353554d2ba2c60b91ee74,ccccccc
d94589b3205173e911c6f85061e3d055,ccccccc
e726cb91dff9ef7b6687d453e73db4d3,ccccccc
0f35bc8e1fe5aeea34499564b8743117,ccccccc
612407dcd85a750d8ae1275031976c32,ccccccc
bdb71368915448560fbcbcf6dd255c21,ccccccc
9568365e280fb1873066c68a78aee144,ccccccc
52d38d7d129ff5db48f3e8da693da092,ccccccc
c7aee71d58439d7eda60ad593a7cacd0,ccccccc
6dfa8824c1645b9a8ba5ba5c5245549d,ccccccc
3b2168644be0c152d8dcd9c595c7bf78,ccccccc
0a0a2f428a098c0e872c707551b6ffc5,ccccccc
df4d24a48d64b064a771dd3d272871a2,ccccccc
1ea3e4b788a9a16710b7c91f42d062ec,ccccccc
2cb1f87c7dc4a97463763b68d5a00049,ccccccc
60eefe2710ae81cfd2dcd4771f320cab,ccccccc
4aec30053d8e99ef16696dc673e793f3,ccccccc
de972dc8d28ef28c1c840acb36273179,ccccccc
e993e618f4b0462e597f092d77c4650a,ccccccc
539caf777e18cd1aae151e1388f15542,ccccccc
b8a1b686d9c281b107d7615fa0b12048,ccccccc
a2271103822c508b0c39bc2e8da0e7aa,ccccccc
bc782ecdd9b4099bccd1a99eb03fabca,ccccccc
2860892ed1e98994d4198f1a08c2ce86,ccccccc
b1f4a392fd1efcd355c321e3b16db32a,ccccccc
2df25455662417cd74f2724590bc5fc6,ccccccc
151c3d6c62efd4ff23c280a802c38029,ccccccc
260493837caea7f61c852912678e059f,ccccccc
a5c916b557e3bfc59485a7f0ecd00252,ccccccc
71e11544f17c0b95ecdd1db75a98a793,ccccccc
57cd871f3fc8ceced40b12ce53af467b,ccccccc
c2d3b1efb4343434d21f0a1fe89829d0,ccccccc
6295c35e9073b1312ff42218896d5624,ccccccc
ac258179688d5999bbaa84bc5a5cbc63,ccccccc
7d3d7357a03a763d09d946099ef527ec,ccccccc
c278790b8297162b5bd1dce2a175cb36,ccccccc
8d4db5cde6f563f4daa350b4517a5e15,ccccccc
9f3ce63f72377f8ee0bddac383fd1421,ccccccc
8b6d37128f9d1fbf7a0716c8f824d519,ccccccc
1373331642cc120bb83c86d9decb7050,ccccccc
991e2f01acbdbe3d4968af82c3d7e13e,ccccccc
8333e5b0c95f4beff7ecacb12c2d8fa8,ccccccc
e23f7ab16cce0bb9fafc98fd3db72a37,ccccccc
3deacec8b6da87427045ffb31beaab2e,ccccccc
f3a647627a0b09bf4c9bc624c5ece56c,ccccccc
f164eb29a09073cb5054c186acb04077,ccccccc
2c63515569599fc8a109137e0f552239,ccccccc
3347287da2c001a9959a860a13b12553,ccccccc
bd93999b08673cda62fc8fe71a91b6ac,ccccccc
60d311e2bc97dbb9a5ca3c5b13437212,ccccccc
bf7356b3737e874fa3a944338d37e257,ccccccc
f78f0f8e54dc91b42b82c9a98bca1335,ccccccc
38c6b5edaa70d0e4b520e04d7809cd30,ccccccc
066aabead7089970f815677906ca879f,ccccccc
0941a8eab4884425f859def90c8cef5a,ccccccc
c2402ba81165931f5c15b28994603763,ccccccc
db62bdf58c74582286a5afa463fc794e,ccccccc
e6ed03f14899ebdac421f6f442376002,ccccccc
3477fc36817963bc519ff4d8b719bfb1,ccccccc
83b5bf9ba344338302c95fd685624764,ccccccc
90b08da6b2dc3da43819f6ce9b17caed,ccccccc
8ca88dc39f71290b8b54969d328850c4,ccccccc
788f77cbaac351161f119ebdb73cedce,ccccccc
3b68550edfbb2bbbf47fde2e3c72ea30,ccccccc
33dbede29dd8613cafd5639a6e56f535,ccccccc
dc76ea980cda159daf71c863a553a86d,ccccccc
3c785625a10f5f5ec90aefb006a49999,ccccccc
02dffcdfb305a06a9d102e1c09238115,ccccccc
aeb51f3d7bf50bdf56ba7344145160f0,ccccccc
340934ddd17e8b1c0744874d9f305c7f,ccccccc
2fd36c18d77e9d631f0b97dbd3700877,ccccccc
729c143c8c4b7be35c77d59a25533dae,ccccccc
cbf9fb5aab4e2a01a3880b0d4671f41e,ccccccc
dd716ee390e01c1187344adf26e1454d,ccccccc
5a29c6af1be521b49a949a30fa976525,ccccccc
e14a71fc891581eb7f917b17b46654e2,ccccccc
479ad1b0900c0e35b4cf53c2f4b30ab3,ccccccc
10a389526babfaebb8276b9793a97a9c,ccccccc
f6435cb05d71d77ac5ce382294511488,ccccccc
debaa26b2cab1e858d26d4295b681c07,ccccccc
2471dccc3bb1577bebb508168f86047e,ccccccc
3e7442b22f94f8fb4ef00c37c0a4ca6c,ccccccc
233ac381dcfab1b525c5ed454b1f60da,ccccccc
4a11ecfb5c682342592b8cef72f60f00,ccccccc
c0f471d65e3c179bdba41c86b8f0f309,ccccccc
133dc50e7e1edf5cc431d1b9255d9742,ccccccc
cb5a8840c689468652e8994332671b86,ccccccc
d7a17932dee021e6148c00714c29a2bd,ccccccc
5d93b957822ca72ff2bdf0da3bece671,ccccccc
6b173dfe886f5311bdb420811e6dac8a,ccccccc
c9f931331e5fd392cdc4893a406eddd6,ccccccc
546418e90a52c48970cd2febc649ee7e,ccccccc
4cd1e51ba6fc4164139c3cb1ebcc1b47,ccccccc
4ea79e2a9071e7ffa72c0bd442528d2c,ccccccc
01d1d7b7a6780108ba6f5158483e46d0,ccccccc
17ba0429a9633e9a913d8d932375d260,ccccccc
7f1242c4549f59e00467fb6e887c06f6,ccccccc
75ac262f9bf85babbe93fd4348303bd0,ccccccc
ef93d63b97c439ad1bf300d6d657b442,ccccccc
f30b80b2a1d86c58325948c460b09ed8,ccccccc
eafc3d969398d5150f289f97fd68dec7,ccccccc
be05430061f8c81d12ac205b1d2d93d1,ccccccc
3fbeede3804402b5df6a87ae5fb983fd,ccccccc
26aad95d7921c6dbe92e8c5e9a81abdf,ccccccc
c5f29a7c5cc8181f84a2201446ce801f,ccccccc
17b2283a84b6f2b9bb2a9100cff06370,ccccccc
dcb291551fdfb6352a4fa7764340b478,ccccccc
c589f3fe6866302b8eaecffad01288e8,ccccccc
512dd453c2762af6ffedefba1f166090,ccccccc
6afb4a06b7b4f5feba5a55d776b7f1fe,ccccccc
55be3a8e27d028f07d8b37dc8fa0aa7f,ccccccc
e7209f3a015c0033f37dd823d824d0b9,ccccccc
8b060093388e2b519b3d5aeddadc10c1,ccccccc
7a0183288dac0d23690e5ab796d78baa,ccccccc
da1dfaf5f9dd43fd37e58404ff065599,ccccccc
4a014748a6d0c0b69ea31c36bdd80f60,ccccccc
26f3331ab9bb70f00bf5e52ff3a07f4b,ccccccc
1b63e2bf053a6ba906dbe40e9d64ea53,ccccccc
05d28000176b12a2b762195e44f031b7,ccccccc
778bdbc59a554a197d6dfd70c31b8f93,ccccccc
37b48e4a58aae505e10c1742d3ce72aa,ccccccc
f7648465da4772c9eca61595d32733b1,ccccccc
8be9ded2614d7573ed04ef5c0efc7403,ccccccc
70bbd9f64534e77fe3635a8605734756,ccccccc
6c61eba6726a9958c8bb63c7282f2440,ccccccc
351e72c811f3c89752d662a67ac77bb6,ccccccc
5d753e2d8fd84b9a0a9904746a5ddf22,ccccccc
ba9eeb387b3c130f86a0db2552267c72,ccccccc
a42500ecc98bfa7c1291ac05b6e9ab50,ccccccc
5a39f21fba22314093bc5c5317796e14,ccccccc
9d1878f6e27fbe795236dfbab78d6dcb,ccccccc
d9de48bdd309df236a67e7436e7413d0,ccccccc
2c2d92407639590546c66add38d75499,ccccccc
94dfc059af192ae539b32bbbf2ea36ca,ccccccc
3c64f5b3e4dab0f9d6db6f59bd8a46ff,ccccccc
79212907a0114ec9106dafd0d0394b3f,ccccccc
8b2f25a75ebfe15e3a5f9a5e289aefbc,ccccccc
c1b9167dfc2ecbd710252de757e475c5,ccccccc
1a4a2f2d4e368659d51f980dc91fdf89,ccccccc
6be3cb6ebb34da328cbd5a57c69d6780,ccccccc
21a77fd1baba553c1df4150b1db9dde2,ccccccc
92452a373ed934ccecc06578f96d8ee9,ccccccc
a7c9bc779a0684fcb0bbd9b6de767def,ccccccc
4e8b587b4b39757a4b1910a9cf398b18,ccccccc
172eeddfc730e8441798dc287afa55e3,ccccccc
7306095fb53e747c40eed57666ef2e1d,ccccccc
00bb6f298dabdff94e10453a1e48f058,ccccccc
180a2c4bc63e36d4220859db4f2eb697,ccccccc
47fab7e58e88393c697ac65f06977b96,ccccccc
0670dd4e38be05536ffec773df82c1f0,ccccccc
66d334acfe0d5e32d146d081622ea92e,ccccccc
43249c475a3ef56e3f8785ddd579c516,ccccccc
c56f17578ce5022454b14e60cfd5e08b,ccccccc
d6d470a30d518f54016a1bdcd3979017,ccccccc
1ef7a242c8696b987fe3e38a8a246176,ccccccc
1a2a714d87666bcf783388c7cab4eb07,ccccccc
4aeb2ff083870b4f0ccb892616e489d7,ccccccc
348a62343c11a108e991e51f49ee033c,ccccccc
021e08000a9f528899e4c46857317c91,ccccccc
20bc3e23f7368f523ae35312b937c146,ccccccc
66d95a53b1e5220b3bbcfb7ae6169fda,ccccccc
76cc5e6ca2c00e1604d3c6c7fad06ee6,ccccccc
78dc0a3fcccb88c9d1a1e215a3fd463f,ccccccc
1ede65278c35d7a18c0d3badc47ef2c7,ccccccc
676dbc033750ddc17c7f6cb72d613168,ccccccc
c7a25d29de4e06d15dc17f01524cc353,ccccccc
7408be64e16ecf3a506517f4c1063090,ccccccc
54f1091ce3dc36d99c9408af3796e124,ccccccc
788369c018884f92357fffa7d89aa9ce,ccccccc
61ee50a64330aa9790247249f745b380,ccccccc
e49a8745dc4ac289a829e7de121b3dcd,ccccccc
408f04ae48c31f761e86d5adb37fcd5f,ccccccc
3b71835fdbebe7007b04daae690b9fb3,ccccccc
4ac8156b8935a0b3a7975545e1565084,ccccccc
27992c3cecbe5d97e1cda6f5a69e88c6,ccccccc
aa9860e61a0880425e2934e7666381d3,ccccccc
9ebe66a4d7fa993b3f04dfd2d23fbcaa,ccccccc
a75d9469dcfacb55c607fefc2bc85bfa,ccccccc
c6622df6ec35f247580ae26722951b20,ccccccc
43a51ce75e4d79cbaae737f4feaafa44,ccccccc
25a2d90d35820176f94313c598d03140,ccccccc
eba071da7a4ecf381f281532d96ee5ec,ccccccc
8c314fc16ca23af1ca6dec08ee119efa,ccccccc
47d15153d7aeaab8643d3389eb311831,ccccccc
155df44472607bae3a4f5d2188b28db4,ccccccc
c81bf21a6107c7ecab807a2d2d2d5734,ccccccc
137fbac019e9c2dc0cf288bc3af131e8,ccccccc
74b3fc714a3a219a701bd777a7688da7,ccccccc
5782b0919b1a52d561171593d7175e97,ccccccc
3599bfcdb60b36b7a7a64c69d437204f,ccccccc
3788980107ff1aede2d58841a957216c,ccccccc
4e32c3c4751d1c4a71ded08cd2511d7a,ccccccc
30d05a9ed80ef7363b25ce4aaaa84d3d,ccccccc
68c6f27521a3815e633f4158fd9e85f7,ccccccc
3bf030adf1a309f10a08bc5878356df6,ccccccc
9e68397864aa305d14b991abb972ecff,ccccccc
ad42e1c5f048efb3e3acb5f284de5293,ccccccc
d3e67f5f0e0a8ab71aa9c61330b7ea01,ccccccc
1520ad4f9f15dd669fe88f8abd1913ae,ccccccc
c46c1bf919ffdffb4aafeaf3a5acc84e,ccccccc
e8a24c84b39839903f91385c5d0c854e,ccccccc
6f23ea026dc93ce2fa68ec4dcb9685f6,ccccccc
0b40aeb88ff42a98fff237de74e78c6d,ccccccc
02a8c05e4ef7b3a5e18ea8fb5f5133a1,ccccccc
58d0b8133786af43faecde99df1e87b5,ccccccc
b80303c0a9d1cc51818441a4a54b1468,ccccccc
cc7e41259b03ceefa1e38b317db66ac2,ccccccc
4a2bb4ec912f675b29273bad125152b8,ccccccc
a9e79f924a5e518955771bd2b55ebc76,ccccccc
8ccb9cd0bd5f0408c210525f794f3804,ccccccc
3aed5839632370bb317faff7852fa544,ccccccc
4aa25426df1dd70b118e2acff1921347,ccccccc
54f6333d14f878550625aa3c4b81abe8,ccccccc
d5f2a184582a61b8e9a38975fcda6b2c,ccccccc
83f8b77f0f5e90f4253d2715eac9fe7e,ccccccc
742a0d8981247ad38b3711886f5892da,ccccccc
6ca4a642cff6d2981bad5a0f8c9d8562,ccccccc
7be33b1d27313b76331f00611b0595fd,ccccccc
3a2cf33f3e6e61c379bb7b1c7512749d,ccccccc
cd023a99bef0400c575d9a89a1e12274,ccccccc
3906a35767254b2a74eeb163a0396cda,ccccccc
95da6dd68d9546ff11635f0bdb782634,ccccccc
16cc03d4b91988d0f8bcd8753129c5c1,ccccccc
62b47958c19061a741b9829dfc5e068a,ccccccc
bd4600906fcc0f19691ce4f46ecca561,ccccccc
098f63b22f0dc299b9fd7f79c393e658,ccccccc
0a38c54758ec5f1c964aff0cac410095,ccccccc
268d06f9d7c58fce31ce559a434be3da,ccccccc
97d966ba4e25f907a9096688e05d8581,ccccccc
fb56b20d237478b9c302c8d7e4092f39,ccccccc
2f5e9da01aaf9f7c96099f60b957dffe,ccccccc
2ecc910593fe30f6b25fba52c54d29a8,ccccccc
5d17afeff3e5f1cbfa4dcc1ca622da56,ccccccc
f3e91e235b46004210be1d622647a7f7,ccccccc
2f3682a4dd681fbc91948aab2304fc54,ccccccc
370577d06c4bc11c6622df3e39088de1,ccccccc
39c7bf620b130c4d595ea8d0531e1387,ccccccc
604ba18b7529c0c0f4a7f631d25fe783,ccccccc
90ddee844bd3d241da6705e90e97c49e,ccccccc
c003c1bd5d8d9af53e399389b0a165c7,ccccccc
c01cc69ad2e314879feb440df5ed0f87,ccccccc
775399844da0ebc14bff8466ab4e4c47,ccccccc
85c8fa2a9b5e1254a58814e6082f5dc7,ccccccc
395fcea5e1c8f09b2e913683a7dbfe5e,ccccccc
c68e945e87c42d4e60b8dc525ac8e78d,ccccccc
3aeb039d92685c4529ef8082607b0fe8,ccccccc
12521ff04d4a43d1f9b6b3049cbcfb0a,ccccccc
88bb4cf9fa027c70cf370a75a11a35e7,ccccccc
b0d72040f9aaad2c21031ce0e863823f,ccccccc
5b5acf2693dd30ed6db6a5d8dffb0913,ccccccc
3ea1cdf3e58e7527b252a140ea38ad45,ccccccc
a94cdd7a3b74405f64437bb7e77bbe70,ccccccc
fa7615b0bda82bb10f264d2363e103d4,ccccccc
2053e3fdb4d6552fd970f9f317be060f,ccccccc
4207d0126ad39402d0fd12422967299d,ccccccc
9b58a6eb76539a3de459a6f930911f59,ccccccc
848ad9a7067d9467e90e33f0e5fe535e,ccccccc
031f7206beffc93ece4143bd0c204fd5,ccccccc
eb2582a72bbe44042005d44f24f94392,ccccccc
fc79b677ef9690770058a04a412366a5,ccccccc
e297fce0edcb5b9ee5080081874aca1b,ccccccc
552fec969f48c1c8563dcf94c3493af8,ccccccc
71d85ca329b80050e382dfa357d08a03,ccccccc
f3ff8826d8ba4c7140c708f0fe1dc098,ccccccc
4b305a7bdbacde8cfed5f4c87c06fcb4,ccccccc
6f63e26ecb39ccdc6feb89b65153f6e7,ccccccc
11f6c5c51377e3b41b09100a69cd396f,ccccccc
756f4400bd8cbb197b5486ac41f559db,ccccccc
85e085cd4fd4ec85bc09436633c4dc26,ccccccc
d821f7cbbeb9c7b8259fc6464cf3eb82,ccccccc
16848261d5802e0b53e2261d00b52fc6,ccccccc
cc8909865e4917928a0b4b3e68d53844,ccccccc
aa23540d5b879afd98bc5ee7b930348e,ccccccc
321971dde29d2cca26c00b27e6e4fddb,ccccccc
a12658e085f2d5773208c68cea8c5227,ccccccc
b73f4ebe49a451c2f9012339c484cf05,ccccccc
275360f93a56163c3a4d8104f3968ffe,ccccccc
5b11c263d6b962e5c16699c523b63d56,ccccccc
69aa77079a8cab06c8adb4b6a12263cd,ccccccc
0f5313ecef402dcabf89eb2e14ada218,ccccccc
0a6ac4daa59be2ee236b7534f62d3b70,ccccccc
d82102eb79f0d04116c2edeea3002032,ccccccc
fe6f6b7b4b0fb0865b262b6250089423,ccccccc
cbe55cb8939322bca5fe77541a578161,ccccccc
e2d3e11ae0118b4bebce4f8f4b70fbc5,ccccccc
a64fb942f4c35d15a7d8b7f18de0546e,ccccccc
518741d48973733094d0ec1435e940b3,ccccccc
ea4ed8d861d4c1ad49fa00e8c8be69b8,ccccccc
222baac813efeaed30373d79b6f7f2c0,ccccccc
20da8bb907e47a28da65b32cda4f316b,ccccccc
18c88359d710bee39a43299e78b4346d,ccccccc
c1fdbb78d67387f9d5a4344a5cf73677,ccccccc
c8c435e7d8c6ed5dc6c2d810bd104c85,ccccccc
2e139572e7ec8c40040a254f13234640,ccccccc
097a7aea8047352f610fd2911eec05d8,ccccccc
36b5e317396bb57de154cbbde522fd8d,ccccccc
5aa7f05b337112133eb944292ab18d22,ccccccc
f20da44d82e6468318e8a00b20151b86,ccccccc
c9e069486a9dcf820b14ec5bd808df74,ccccccc
d047321362d4e93f8232f691757ab0e7,ccccccc
49181e604151852927227e6ca877bf60,ccccccc
5f1095d5b28368ba18c0719b6fa33fd9,ccccccc
c939f6f08100df118645b4577dcfdbe9,ccccccc
90225e9c3b7cf15a373c0b3940ae29ac,ccccccc
b7580ba352858219fab67a753068c1b9,ccccccc
ea3d6c51373ed45c19f4b8679bb8d025,ccccccc
1a9d8582d21c379b62f62fc6edd0decb,ccccccc
fa82f0b3d389417b9a4fd478b5c35b0c,ccccccc
fb0a3a401ee8a35ca2375fabbaa2ede1,ccccccc
f834733ba80666a0b14596d01c0fc1db,ccccccc
7bba7a95a753cce964c51e812f666d2c,ccccccc
4f09ba8a83f78f1c8878d315341d282b,ccccccc
b96d7a555b9a800668f8819eadc81353,ccccccc
2a79a34142784f4a3d0c64d4d9036f07,ccccccc
62426cd6eb1072236d97c565e9730d0f,ccccccc
432edfae801f4ad17a38ec40c8dc8838,ccccccc
70615434bfdfee25ac2debbffb30f501,ccccccc
dcf006cd4a84999fb6693b04d605470f,ccccccc
1af19a63cbb0728290146744988a1a40,ccccccc
b40a8d5208155c345ffb53db531b98ed,ccccccc
7ea6111942f11c9b0699b24cdbe04780,ccccccc
31dd71571930167b5e9207e66ff6441b,ccccccc
f17a93f495f38d6ee0512662a74cf7e0,ccccccc
0d1c340ad837162e0e4c05826f5ce7d0,ccccccc
e759e6a9a86ff42e0a70b2e77c9cc261,ccccccc
6d9b8c0856b3b30152c90cf75ab50644,ccccccc
b9c653702c29daf25267df1fb1384d39,ccccccc
06d0d46e8b84878a39e79a9ad5d94041,ccccccc
825843ba6ff7eacc9cba6dfae49cda05,ccccccc
2e4576741f487c75ed1ecdb23ca88798,ccccccc
1d48659a40df2fa5565c65584a8988eb,ccccccc
3e614b06d7c2e438e454f2ed9d0cbb1d,ccccccc
07f486c2600194e859d2fb2bf97c2938,ccccccc
902cc80da0842eaa24db1ea0e7888ba5,ccccccc
bf1dae4e7621b5441cf0f62e2d8abb75,ccccccc
0d4401b9d876ea245f475cf216e0d456,ccccccc
475a3d016d0f485cde67b6bbeda36885,ccccccc
f4e6b8a8c284668361f72f8c58cef5c6,ccccccc
d96175ead8cde5d4dfd1c843fd2a409f,ccccccc
b9c78476a5171646f6c5b5e5209083a0,ccccccc
3b6fa4cf33468fcb3cdfb29b897c22c1,ccccccc
5bd824749db5feaffeb4b7aec311d0ea,ccccccc
508ee10249bbb3dcdc3de237bd0b255e,ccccccc
8da351b055ad9d185b6c1604646ad6fb,ccccccc
73fa0ef85f5d85a7e5b9b586c50acb37,ccccccc
81972e3bdd0122acaf0c1e2ae9bd8102,ccccccc
3d0a8ef33a169d16d106466558814b84,ccccccc
4884974676ba48b7c8e3c04b3abaca0a,ccccccc
47d9c612cef361e75e908c2ef0080711,ccccccc
2b40a2113c16ae0a7ee25f90fd88d926,ccccccc
d433deb808e51bdb909137c6246bd367,ccccccc
f000ce20e58128fd10525a739f045abe,ccccccc
171acdf51f7b597e2987bbb45deb528c,ccccccc
2bba0d40d648e246cd6686d595abcddf,ccccccc
b5722725d364ec56a90e272be74e73bb,ccccccc
217a36026926d8e6f678e91c9ad6e02e,ccccccc
16cbba93ced4a79198d863f908c2c545,ccccccc
420a25008bef56411ea961545a1503d9,ccccccc
17d7dcecb503cdf0a706f5f1ae6b8456,ccccccc
9283f0e3c3f41e02b27c17397568001d,ccccccc
b6c287856a6014c15ea0a989f2b84c08,ccccccc
a13b759f896b826f94180fce3f321b33,ccccccc
f3df062be129bcaf3634c273273f5a08,ccccccc
309badfc95e3840676e147a9464c19ab,ccccccc
c5e646a05d69730e101d46a39a22bd0a,ccccccc
48bafaa9a0c8e8aea7b017af0226c693,ccccccc
15b17d67ef7d86d79ee16286f83282e7,ccccccc
93ef5d351a37ae9f73d8ba01e2b1f8aa,ccccccc
599e6172f0ae1d683ff19d1ff8d257af,ccccccc
43a42d6b31acaba7e7e4bb9e63251f11,ccccccc
a317511febeb51f4973715888ed6402a,ccccccc
ff81b275ae9a6a0d9997484026bfb138,ccccccc
5a38f8cb4f3021f629129704f85199b6,ccccccc
64ba94f4c97114fc9a24e90f0f535115,ccccccc
7294e4e9a81472e6211ac40770d84993,ccccccc
ef753106d18ca86bd184dcdf635fb957,ccccccc
faaf7a894f5f105766c1d0a0fa950beb,ccccccc
52c1f13685c017b2b02539d05e6b0710,ccccccc
cb822113cd2c0b8e77fff0bbc788bf45,ccccccc
b6951e54212b06d00be7b88ac595e187,ccccccc
921644d88d4f33fc113e8cf0d8ac469b,ccccccc
ebf2bffa3a4a874f76ce367fbfa0226c,ccccccc
a55bffad1efedf6583ecd945c6a1f265,ccccccc
f752432088b01c2a9ba955b0d80aff3a,ccccccc
3a04f5db4cbca1ef3770d2a34e512cb5,ccccccc
9e994a4bee47b8e62a3e34d2a72ee4fe,ccccccc
5741d71eb1af6f0a80866242c7d103b5,ccccccc
96b757049a19ff1cd806927a79e15ac5,ccccccc
d865faa7b8f10be3e4ba59353376787f,ccccccc
6ca81af70c42d91b8e3d9febbface193,ccccccc
4b26cd5a53f41edaba57dd3dedf7ad15,ccccccc
ffd23435db9de599f69fca1e3b1b6c08,ccccccc
e435c177cddd8d44fb74328a0335ed2b,ccccccc
424670b0b2657d1d4396dbd73f6b52c0,ccccccc
60faf13c4e7c7807d009619b75478ab5,ccccccc
411a8172ad06f32bcb5e67985eee21d7,ccccccc
0e5da8e280874899bbdf25a061c71d78,ccccccc
3a1dbe282bcdb2ad0bc5553e01c688c5,ccccccc
7e5bbfaeb1b45067729ceb6557de5040,ccccccc
b08a55b2dbd0098f1f694e2abbcdded6,ccccccc
04dba2ef8667c9c931876c7de561b761,ccccccc
89d15dede5db53844090e184c86b0531,ccccccc
a1845b59918e39932a156ad7d3e9fe89,ccccccc
7ceec615e24234729c5e9c90a02e3225,ccccccc
6d5a1312a39dfda72d005c7cf018bdc7,ccccccc
b58c46a3412f3891dacbd183d9e42502,ccccccc
7cea7d49f4790fa36cf869d5056e5164,ccccccc
3113f02aa8f321b5d03bc2e1c1ee0e3d,ccccccc
b9bf3f060104647ab6c7ec8689641898,ccccccc
4046e0709123786182c97548ab527b0d,ccccccc
f2b3479399ebdbd83bdc71c6c63f6b88,ccccccc
a4bcdd0ff96d40801cc22e21e284d48a,ccccccc
f2933b951e81015d2e26579fab594503,ccccccc
24d892e3e912b8906b9186b0a753f988,ccccccc
79c634685ed954874b83457609f23ef1,ccccccc
8ca18a53e8f4b6d973da277ca104b6e3,ccccccc
ec509ff111c40049f58b195992f45e8b,ccccccc
2e0fd4d51f6835dc940edbd21362859a,ccccccc
dea25dfdd36b57db4e8a7dca710bbec4,ccccccc
a07e85ed44fe467c30ea432e8c378d1f,ccccccc
4dd0381941512f8de33ccadd5eec8e57,ccccccc
f1b965492e9b318fdfcc834598d26957,ccccccc
891c34e82539619d3436d8e1fd361254,ccccccc
c3e8c6566a644975b484da05256f7d32,ccccccc
9f84cca865ed80cb84d08d94db1f9f51,ccccccc
9b791e2e0e7db116ddc8388a3a7f5d4b,ccccccc
e381f4ee69a701614de7d3d7d37e2fcc,ccccccc
44ea6d9e95f9a81c9c5c50f204ce99c8,ccccccc
0457a0b0a24b44cfa568563363846bf3,ccccccc
6fce213f7131fd1ca319b213e88d0977,ccccccc
147a68a925bdf10b27599e11eaccca54,ccccccc
369c350492b021595cc65294167eaa0d,ccccccc
7df4fead42213050352dbb0e5f72c7e3,ccccccc
e69a982dc4d4b6fa8d01c31b2483b58e,ccccccc
d53b4ddfd53193fcae18222fbcd19161,ccccccc
aa0f22a0a39335661d01e9370073d6a6,ccccccc
142ee7106c7c2db6b9ebd5f22ecd0b08,ccccccc
66d6d57233d5cedc7142ece48fb7e69a,ccccccc
a850a262a4d2c62b509fb4096f9b4d42,ccccccc
b4be3e8af1988f4b6b4259016fe555db,ccccccc
f072f9c287b0537573ac669f7a716384,ccccccc
b0cb54421f8bd6ac36ae89654f2ef79b,ccccccc
a93203184f2702e24bbdf581cc6b9023,ccccccc
1cf8745656c3327e323fe076a8113305,ccccccc
d20724683c0b0898d794248c7009d4b4,ccccccc
444532ed4b81d0271d66a0f242f44a9d,ccccccc
57cac2f326c6c79aa473783580b77f9e,ccccccc
ecb67da2faf02e83ef6ef820db5ebd86,ccccccc
f4b59eb2d197d7a78e3213cd4976ddf5,ccccccc
6898de63703af7d1bf2edfb33cabb3a9,ccccccc
e702ba8195b8430d04217a56dab110d5,ccccccc
1318a336ed470796016f52d4b3da8da3,ccccccc
e1517d0b745af1a8f3d91ecf3dee068f,ccccccc
fd45fd13dec5fd01edad86232f29b9a5,ccccccc
cdda8d4e2853a213d392b534c1672e07,ccccccc
1cb9b27df05df58d6af2fc63464b650c,ccccccc
03950154bf93c697bcbe46c5c276295f,ccccccc
727f1dae68e1fa7977bd19bf6d8c96db,ccccccc
9c99fc7629eef5a7f818a749b50ec027,ccccccc
90153a5abd0730ac5706ddd77994cd51,ccccccc
5f1f7fa6c6b262781e497b2564208d9f,ccccccc
a6331dd7f6b98edfe0dba9c65f2b84f2,ccccccc
457461fce01622eae386abaa95a4df39,ccccccc
20dc61c9c0541396192c792d77382e23,ccccccc
6e0f61dccb3447b9b9b75096154d2f9a,ccccccc
0f86bd465ca716d5b95ead090db2967f,ccccccc
ebdfb699f138c7a608ee8f800dc23b44,ccccccc
1354ddba8345dd79e614740ee7637ca0,ccccccc
dd1a2333289746503354c17808da83d7,ccccccc
a66970f9cdf35f95b8a7c06f2c5c26c5,ccccccc
d3aba5843a4f6f0e5d9d100b2e1c1482,ccccccc
c1227a267146563aeb9e43650903ca62,ccccccc
65fb6d8a7c400bb61c79c44b5b4793e9,ccccccc
727151d93c9f19d8b242f3ae7586c8da,ccccccc
fc880cab39a92cd0846d81fba95044c4,ccccccc
26f97b197dfdc3e0cb1500a4b766f82b,ccccccc
396e3a48deb8e92ea58b5863d2f986b0,ccccccc
86dde989b5a876f906c851bfa8384d0b,ccccccc
0de1b3c65cf5e3abb3cc9e77bc7b2b7c,ccccccc
7d29cad34233e42f237e1f092503ee58,ccccccc
71198927bd85ba2ed59cdebbc55b7623,ccccccc
d9f978cca8f8181e5b4dd7cec221aea3,ccccccc
2a1322d7368c27e20745bba8546bd5f1,ccccccc
79b58b4183378488d77b89bc50f4e015,ccccccc
4677159ce1c8dd25b335f2ab288a99fd,ccccccc
0f7505023bec4e486c67c4363a573668,ccccccc
ae3d7c68354c45ede1685793678e1e41,ccccccc
4098512e777d8a515a20f336b433942a,ccccccc
5797df2bb151fcb5e5e6e4e49f84d070,ccccccc
72940f30c5d68299d243a1491eaca00e,ccccccc
6bc5bf34ebf9dc115f9670d9a57a4601,ccccccc
fa935a382614a640d9f8c36caf013ff4,ccccccc
407d1d3ca4d2ec58d8dc3397e3bb7388,ccccccc
f74c87b7df141b2ab9cec4b0e91f7709,ccccccc
2b53d77482a848d812cabac884cec126,ccccccc
9f83c12fb9e585afcc07bde2701f9672,ccccccc
88370ab0ce34d34414656201a0f04631,ccccccc
26af6f9be524c430d6faac8101d69dd4,ccccccc
bd82d5d1dc398ce83f03f70b489d2318,ccccccc
f469f3a478b732782cda6435a9fbb36e,ccccccc
e42565b6a7531db8c3bc5e92048a4958,ccccccc
98a6e04e417787352156c5b87908341e,ccccccc
4777ed52130eb0fa7d532082bc3d109e,ccccccc
8aa28da46c8249838d8f1fe0d3694d50,ccccccc
caf0223e3621502c9bc9b0fcc6f3d778,ccccccc
fff053cff2ec9cc386918e2b25a8aa92,ccccccc
3306ede6ccd428d032396cafc4a77016,ccccccc
cba98a6f93852511f7b095f4099f7b72,ccccccc
b16029c90641a2b615341a3684f04f42,ccccccc
2e5f0675b295c59d1cdd440d260a98a7,ccccccc
2c1d3a43765954dbc1f2db78e585eb54,ccccccc
dcc1820fd88415efafd5546cd456d60a,ccccccc
30f5130994bda6b24dd8747d64fb524f,ccccccc
1022473eef78ed8afcf082c6784c343f,ccccccc
3e54eb72f5e4e6368d10898ee508ddcf,ccccccc
958b47b85336c1e730babf04c49ac0cd,ccccccc
4ce65aa9b1900c7a1b4e13587d72e3bb,ccccccc
15b2cf97b3967723e941fccf319f0f37,ccccccc
479d8465e0136082164ca9374b7c98dd,ccccccc
b8ade5868f3a6021b9632b559985f3f1,ccccccc
02c8bd46f689fe404f964b3da3b2dce6,ccccccc
4913a47f0b1eb61ee4dd339bfd23a2f8,ccccccc
ff086fd576ce3a39a887ec031851b67f,ccccccc
c658c976e45803e857e9583944c7405f,ccccccc
599492b3bc0405dace69721a008f998b,ccccccc
323d4b8d9ed7a1fea9691684f76bcb9e,ccccccc
765682e94d1d08717a0e188575070c51,ccccccc
fb08918b8a6c143f5da4de6edb72385a,ccccccc
1eb05c298e0ac0e6182baf02a69239af,ccccccc
d82a9a4b2d893707f0338ee36adc614f,ccccccc
93dcea6f511136601d35f8f2162ea48b,ccccccc
9fc73b375a37efbb0e3372af9d60eedc,ccccccc
52b1e1581de5b9484ab2df0735dfe2c5,ccccccc
2fe0cc91d40b9a565c1a31eaf728418f,ccccccc
fd784e0d892f89a406a23bb476291822,ccccccc
6868051fc584c7921910418e64dd07f1,ccccccc
995beb731be306f8832d469b784ceb5d,ccccccc
e69488205f5b49c49fa8605097c2fe80,ccccccc
9c4896afb1320f19802fe8bb971db2d9,ccccccc
777eb08a35d2e700b5fa09bdee04be2b,ccccccc
42756ff99127e4ebdc0713681978078a,ccccccc
e74f63a0ca7f33dd0f47843e7419e175,ccccccc
52ef61622f3c3a35468525f54ffaee5e,ccccccc
46b0480b4ea797c97dcc9753a099a4bc,ccccccc
ac7dea551cc269f251359bc8a8c25695,ccccccc
af8211b7f1cf38d4a670ffc045af47c0,ccccccc
7c6c5dee03ba699f026bd06dcef6b92b,ccccccc
464a7960772121a5eee697949cce0b9e,ccccccc
c7c6ad48d41c2ecaa5750a0355ca3bf2,ccccccc
5b7eff17768471de67fdb6b9aad4e66c,ccccccc
4b4616214dbe46a6729da5bf61533071,ccccccc
22452badd97897f87fbe9a424edb274a,ccccccc
f2828ee036726f266a76f55254d3e205,ccccccc
88e1dae2de3df98d0954ebace11b0ae8,ccccccc
b86c24ef85ecf7f8b662521a3e1511be,ccccccc
aa617715a27063c65ce9a711d6216fc2,ccccccc
7e2cca61d76bfecfb9a8bf733f136ceb,ccccccc
34283568f4e06295ee56659011f9e7b6,ccccccc
24fbc02c0d1cf454ec8029f0ea06ed16,ccccccc
5cc4f6933615bc0415d375bb0f11833e,ccccccc
521ba683ecf5fd328fcacab214484169,ccccccc
03af0e8d7712a799f1f6cc65cbdf4f92,ccccccc
155bb9f30b2141025e51157921b31f04,ccccccc
02342ea7de9c307cf4c62bd96e0ae185,ccccccc
c0fd9a2ba2a12533ff65bc8f4e6af9b2,ccccccc
b6d26efc24e40134908f69c7af814d67,ccccccc
43fda7b4b43d17b0b14c7d03ce455e42,ccccccc
c0c2c25e3763d484917abdcf14498c35,ccccccc
61c14d345e7046b93c66f410d76f0706,ccccccc
e03a1e0a01701161c274b748316d0412,ccccccc
5bb94f998dfe1c50759d08f179937285,ccccccc
cb2bf687085f42c9c63e7571018d4636,ccccccc
d76f629df5f18bba729b98571742c78d,ccccccc
24c7aa23ea2caa56835d9a9f1da4b457,ccccccc
1890e15e415f0e50b1d6343a368f4ae7,ccccccc
97bf8024c6d2366b3364ad23b0ffede0,ccccccc
476ea355000d58d7d4f86d22355be220,ccccccc
4dec56dd376576b0355eedaa0680b93f,ccccccc
ead6f2929cd42624562a9410b89f35b6,ccccccc
113c47d9452a699322248f17e2794be6,ccccccc
14fcc68d2c4fca074434d301cae3088d,ccccccc
1dce91b16548ffe0d25381e7a61c026a,ccccccc
48b630cce94f07a1bac43dccd8c4fdd8,ccccccc
244eedd3847ffc40cf12dab73f8342ee,ccccccc
560fec21c0bf5e7be9078de86c67aeba,ccccccc
472bb1bd1f09c0c031a4e2e236f12878,ccccccc
71320153d1ca1323d724ea7d8721d322,ccccccc
f7d08b96d5c2568d9fb0423b34b575d9,ccccccc
5fde9dd73fc7e8e38c0b2cd0364f50b8,ccccccc
4e8120e4478022d27c7bd0bdbdef6dcb,ccccccc
200034582ed6b6abeccb12b90ffb50e4,ccccccc
c88a62d925c3c215ff567b8a206bf93c,ccccccc
229d5d3862a9902c824369eb2cc66f91,ccccccc
f8840c06b9e3521b59202b542dba8293,ccccccc
9ed1499ee2ba6991083e74880a01c44c,ccccccc
94839e4c566e5bc233a5fc568e97c426,ccccccc
63de9fac161d99befcd90e9c9fac338f,ccccccc
b3490877e38c40dc4dae95717d1e26ab,ccccccc
d25b7f4a595476e3a6243899514eae99,ccccccc
f62b67845f1a30fd1633170a7a270f49,ccccccc
4a0b05d091c1be4aaa6a0f89f14f920b,ccccccc
4d64916d35fda05172277c30304ec944,ccccccc
a236a993a93fb91fa36c8edf5afe82c4,ccccccc
0b8b90c16e59a654e827722e3e0fc2c6,ccccccc
0fa3d6a59bfbf2846191eda48db0159e,ccccccc
4d6cc9d75cff57c2ea3355eb4e5f9fc7,ccccccc
69c7e7b1abce7053ddad49a0dcdce2ec,ccccccc
e13fcdbc03270efffb9a96041b87ebea,ccccccc
2e88be261288c994487b4dd5ced3c295,ccccccc
594e40b581bffc58ba8d0dfd46dddc67,ccccccc
4578c5105c56e6dab8d9a90b2545d2b1,ccccccc
a8cfa6809dba62fe6f064dfb7f16b6fa,ccccccc
831886a6578ad8466473dc15407603cb,ccccccc
b8737d32630eba4b53aa7ed5c9fdee01,ccccccc
88ccc5c59ed9a8f82496fcce1ef3ccc1,ccccccc
6eb87ada11d42cf62c880b819b95cb7f,ccccccc
ed7eee68bf9a0cdd8c874c18e0f6a839,ccccccc
9608ee4ddd5641a8d84e9cd4d61428cb,ccccccc
1b0c98dc1e208b49bc6da54610c317f2,ccccccc
1c0be2013598cabc37edc1bf274bf2ea,ccccccc
8eea813ca88e9a26a08f00d6cceb9ca6,ccccccc
100f0e531e61e4468afd47bb73eaf1cd,ccccccc
dc20f987438643a52f41bd6352f1ec4d,ccccccc
45bdc4c3bdac0defd57edb9b93bba302,ccccccc
035ae2b889b614a4af325c98ea4d5a06,ccccccc
6516b597dfaeea2aed2575b7b0ae5c9c,ccccccc
4f2b09fdc4dfde4bfcc55fac7e50baf9,ccccccc
59fc92802914831e315d8fbce01215e4,ccccccc
2435c3944a51af2501decdc01e917d31,ccccccc
7d5715c65e0f95d1448975eba02c097a,ccccccc
15665dd7fdd6965936f60b4850a0b8df,ccccccc
089ce15930b884ea751fa335873de444,ccccccc
104698af03a7e6428a2032b29f006b94,ccccccc
e3093fbf6cae53fe5b0b8bbbfbcfdc20,ccccccc
732d7a73b5737be83173cff4578caf7a,ccccccc
b60300e4f0517bc4b61cf688fa8ce3fb,ccccccc
22ba5b97b422fb068637d760cf88259b,ccccccc
718ce525444a15273c509000b64554e5,ccccccc
4ca40d8ac1d49808cf115b12b63f6fb4,ccccccc
40c2b56459216c3afdac5d75d67f618a,ccccccc
b6100da1104354223983164755c76eec,ccccccc
c69a5d87dcafcfbe52e4c5ac584298af,ccccccc
1cc7784a24e9dae1f1f51a642413a1d7,ccccccc
9d004b0659a04337e553e5b4dabf9388,ccccccc
0ca2b067b8068b958778aa58872fe4e1,ccccccc
acf45547090f096daa9c3d4c494aea28,ccccccc
24c525f78337794656e5a6c11d263189,ccccccc
e1e94e4dee365e802fbd045a34004071,ccccccc
d452c59242caa2cc916f405b82f9fb14,ccccccc
1cf3d1044cc519bffdf268fbe06d031a,ccccccc
830292ea83de1b0aff90604b755521ca,ccccccc
611fe38266ff56ee516fcbd445f3b3d3,ccccccc
d2a07cd0667f369721b32d624aa8a2a9,ccccccc
79b1d82ee745343d5a9557abdb4ea84a,ccccccc
0a41491d5c673e71052f0ed5f3c27751,ccccccc
75aef71b0a47c279cebf68af374a0fd7,ccccccc
74531cad5982c6729df8a87df6620439,ccccccc
6f11e9f1471e58fa38f473c36356f671,ccccccc
61e6d1cf7152bbda05ae432959c917af,ccccccc
41fea220a74e180fc428db190da3d79c,ccccccc
fd7a0cf8aca0ea09ab5aa7b2ce8e2f83,ccccccc
849af5d74d0947fce8733d57c0f65de2,ccccccc
64fae617214618088e1a53c61e4af106,ccccccc
2ad249a68fecca7de84cfbfef2b34f1d,ccccccc
145f1e36f6151fe0332e60cdfa5bc43b,ccccccc
7e3ebdd94dd2209ea1e40f4beaa2b59d,ccccccc
26ad112a5836e5aed39dd5cead744331,ccccccc
c31b166460701dd53772572ac7f7aef2,ccccccc
7226a47b5e9b1187b0eba854ba5f6e9a,ccccccc
45176805014b5b17c09dad96ae4017b3,ccccccc
4f76e067c641c1df6448fe908f7d5b80,ccccccc
95d6fb829d7733d9816db0d687df695a,ccccccc
89992826d4d1f87cb2a3e47aeca665db,ccccccc
d595bb0cb462f7ec209e04ff1444bcb2,ccccccc
647c398e527761e1637b9caca1d4f9c9,ccccccc
bb5bceccb0634eb1c1e1125ddf7790f1,ccccccc
dba577895f36c37ed5ea7a761444d81e,ccccccc
bee49f57038ef6f012aaad738667b9d9,ccccccc
69f5fb73552301d685fb2d992643d9f7,ccccccc
bdbdf778e597e01adde258c4f8670f69,ccccccc
8030617a2cb16661473828df211ec170,ccccccc
509ce4f6bc918919ad46f8d42f88a8ef,ccccccc
014d9e31ba800539de614d86b519f996,ccccccc
fa28a244efb960217700082b28e20aa5,ccccccc
7af5a2cb9f66b2c730b9c68f66a7914b,ccccccc
31a00ea4777c60d69a25c0fdb6319d2a,ccccccc
9c5d185221a595f0473240fca75ce6c0,ccccccc
7244c2759c4b550bcbd46765cd38f1cb,ccccccc
e466d0920d5b6bc3887b4b849a303786,ccccccc
1960243168e807814414f6620b27fcf6,ccccccc
6df0cad634373ca7c8093b9edb57b25a,ccccccc
beb9d5d6e854425c8f8accac47b642ac,ccccccc
5fa297af3be2fe63a725f650c4392f38,ccccccc
dcbd9bde1b3f2cb56e5038f6ec574de7,ccccccc
a69f473fb73489ce9502cd8594f329f1,ccccccc
e992db93441264e32dbf024465919c8f,ccccccc
3f52196a58a68d706f6c8862877e2031,ccccccc
e8ac8666ef40e8b9b852c39609863a57,ccccccc
838328e412aa4ca76c594cc2c0f59453,ccccccc
c5442f36beb89d8ed390fa78490dd1f5,ccccccc
72e197f39e01fe37ca5dc874bfdf6505,ccccccc
ce9b6a3f932ef6eeb1162d4d37af44c8,ccccccc
6b592576459b0a6319eacc5b3dc52294,ccccccc
39fbe2ca8a684e9053161cf00d288a53,ccccccc
60efe9ac660ffcc2c0944f02660cac7d,ccccccc
a546a4bfc608dfd06e1c80962ff03628,ccccccc
054147bbe1370845dfca06786c254b9f,ccccccc
fdf0cb015885200eb335811d3dad1ba2,ccccccc
99ba9ce5133c001caa92058fe504ec69,ccccccc
180a3958584c34241ceff1cb00d7138d,ccccccc
fe9d5335b1ba857247889f2eb799398e,ccccccc
66a035cd8c80d1633d3c03c0f6a4a571,ccccccc
509088365ef5f1e9e6e9b8c15dc517ad,ccccccc
f4a0158f241f4cef7d2a14af1bfa6484,ccccccc
752a74f2ae5411a428f96c392f5943ed,ccccccc
257fbab49dd10974c979cdd97a641451,ccccccc
23cf6011fbf0dc7786a40557a4cd5512,ccccccc
df9c3b1f9b8cf4bfed95a47c97087a28,ccccccc
27e92d0eed566aae25bb13b5de538a1d,ccccccc
a99122a12ce9ffea912a25fbc97b7d28,ccccccc
058e8db3540b5c5fe4677994b96ebcb1,ccccccc
f3e3ab4ed218759055caf57dba2138b4,ccccccc
0f9ba631f21337faea35c4a88dfe6e83,ccccccc
f4f6f07ea987f8deb18bdd157322acf0,ccccccc
de33c238fcdf7cec6ba60125d5e3bc60,ccccccc
ae816a71f4330a5f6c714e595f22ccbb,ccccccc
d0481134296b432925042533abe6e9b3,ccccccc
6466a44f1786871d6fdbb81c56f07154,ccccccc
8bc3d02285d781f7fcd5e9f45effeb19,ccccccc
7cf1c9cd0a76e8f5f8502ac1b92775c9,ccccccc
fba62df710ef3b5f32fc1e697849ebfc,ccccccc
9f27d5b1ce02193d0378297d84c0cbad,ccccccc
6a9b63945d1b1c5d10d365b29f164bc2,ccccccc
5a9e133278d947c7f9ac8a6a2e640be6,ccccccc
992b52b63c600d765b1e30fce8222127,ccccccc
2ee173fe15cad3485d42a22933a5f370,ccccccc
4fcfb28bb1376a0f8d641406e1fb3b3e,ccccccc
075252b2dddbd4ba03edba65ac776dfd,ccccccc
2cb350f5978172e09eee9813aca7c2eb,ccccccc
79b1357e8f6f41521666492b3cdbcc7a,ccccccc
47e59459be8779c1e48fbb424623e664,ccccccc
21dfa4e2c4f657432ff0c46f24127c40,ccccccc
fd19a00928f960de66f14eefe948f9a2,ccccccc
77aacc6797ccdfc7f5ce61d7ecc603d1,ccccccc
b7468c1e2abff7c928c410886b520e20,ccccccc
3c6182c485aa47fca91214f1aba64ee6,ccccccc
28665c2c66cf6987356533d33a4bb20c,ccccccc
0a79865066b42676bec99a05cbf60eb3,ccccccc
c8e9b5ee97c30b217bdcd94123a5f90e,ccccccc
255460e4ff6a3d81ca96ae018e189b24,ccccccc
5aabe947cf08f5d96bb316e0868e44ae,ccccccc
e8165dd46c0586bc029ce7556cccdc5d,ccccccc
89322c049e1ac0b52cafa5bd8af06ad6,ccccccc
f4487ccbf7aaa638b43f83b47e0db0ed,ccccccc
5724c62d145ffbdcf4288a1377822df1,ccccccc
596bee353260b6313a52b970daa1fca6,ccccccc
93e0f5d660c2d341702565aa05390191,ccccccc
17a61bc565c207a9423245fb835e66b3,ccccccc
f417497b4f0c0d34d17dbb7e4ccd418e,ccccccc
40031aabccfa4edd92a76a2a49bf45e9,ccccccc
c2969e3515ce020385c1ad7594960efd,ccccccc
50bc8af9639d5943b8457eed1e2c5a2b,ccccccc
55b938b32f515b3aa6b618514da980d8,ccccccc
7cde6942e53248b2c167b0a1b805d067,ccccccc
51b9983d489140720540f364f1a1611e,ccccccc
bf7997e2cbc0b28338f5ed62165b0e09,ccccccc
6e9341fcd17cfc6b036a3ee0c33ee9fc,ccccccc
3bc3231536f8523ef50e476f42cd79ab,ccccccc
9b937a0dce1ee9c3023e5e5fe60216bd,ccccccc
baa9de14180831d993a301db1c957964,ccccccc
ed44afe71f5a1854ef37c6d9395f08d7,ccccccc
5503af88453ff316c12b250b8d989b60,ccccccc
4e2df9cb610ea4251c9f3f15cae19b54,ccccccc
1ed93caccaf3e2bcaf1958bc50183119,ccccccc
4063747bbf06041f6f42c65750c4c69b,ccccccc
693b7631df17848ac90c1d0989d38103,ccccccc
bfdac85c4c9e49b438b1c0ce136b6ffc,ccccccc
ccc3045b6b91f616e4f15a321c3050ab,ccccccc
8fd0c139d86d281d4fa5355850ecc04e,ccccccc
c704c923fb45936aa5da6c331d1c5505,ccccccc
7432fa1044b7a8a0ff334576adcb1650,ccccccc
cdd58572ad319d683ef030570467306d,ccccccc
ef78b2986cce5cee6d94fb6d525b7891,ccccccc
ecef78a880f880c6ac770fb63c2abb20,ccccccc
ce62a7b7c803704ee44d66770251ab01,ccccccc
09cbe72b1f072ef1529749977b25809c,ccccccc
12d887fa2a86fb07a895c339979c5084,ccccccc
9703e5c01f69f54fd64a622ec7a3b667,ccccccc
9d250ed69361ba7a64f254d6aa1947d1,ccccccc
0490e7bd5c376d1dc6f23d35d476e9c1,ccccccc
08f1ebadf726d688c7b4873f596127c9,ccccccc
3b59f53753962677f75f33fd9af63ed3,ccccccc
87d92290dc6aab6f1711508d1b69c44d,ccccccc
d2f4d7d65c390d15eaad3c6f428bbd73,ccccccc
7b28ba10018b6451ca93d407fae8112f,ccccccc
a8c0323d15cdfe89cfa93eb8265ca9bc,ccccccc
211313ed57a6980fd4e7bf992e5c4ad7,ccccccc
5a71678998928962b492b0d7c926bf50,ccccccc
3ca3ccdd58d96afec460b4aa36b7d72a,ccccccc
769e4469e041599a61708469182cf43d,ccccccc
1e7f5b37b4381c9d2a619dc4186d7dab,ccccccc
6f43d42641fc17469d759589efcbfcec,ccccccc
1a70a7104e1fb5b0ed46e8028698a909,ccccccc
90d52182d9b4029bef0b39ce43b2427f,ccccccc
c7eb620fd6ac1eff0839977bb936bfe3,ccccccc
9b8b06270e99f8a0d7fb1bdbede8f44e,ccccccc
74e0e28136b132b8c253178c34679fc1,ccccccc
283f1b22d4b381924cdd6765ad38ef83,ccccccc
6de03e2b869a3a272b0287a9335b933f,ccccccc
c5d3c327678b1eb079dab41e573a8a31,ccccccc
0388b8c73a2fe7f652621c6f954b623a,ccccccc
a4b971a6c292c9864a2bf804a5cfb27a,ccccccc
cfdd29859c9f7616f98fbdffb77ec08f,ccccccc
7c6ddf0df72ae5d73b2c2b7054f0a41b,ccccccc
574300410f28c2c277b0b707b1f12324,ccccccc
fa8d9bb083d46ca35ad52deb5e9e2373,ccccccc
77b366df4d808e945df40400cdfdc18a,ccccccc
fc01feb95e56fcfeab37b24bf8f07085,ccccccc
45fbdf812ad23e9e98c7bcd4c00dd5b6,ccccccc
15d81476c197d76c76c864bfba2a0190,ccccccc
ba2201a9454729f98926e615bd416e91,ccccccc
18bc3a0aef3e45e32d2b17a9a668fc98,ccccccc
76bc1b9d527a50951faed19f5ce334de,ccccccc
94881eec6c4f7e23279a12680add7474,ccccccc
e72ad0fabb53dea55dc17468818a32fa,ccccccc
46304d409339507effd81a265e0d4e40,ccccccc
be45bc5b3c76252d31edcf72a5445e55,ccccccc
2857bdbf6510469a083e65080f7f1731,ccccccc
dbd2bc09b013c47682c0c4e837fffeee,ccccccc
4bbb74a3ae6f54db61d6fd5ceb7b40fd,ccccccc
00e7fdb318df53ee5e99ecde75558987,ccccccc
50eb86f05332ba64a7dc08f00290d636,ccccccc
bf50daac0c50d528a27e3f2d2d96a9a9,ccccccc
d2be657e4d20d0d018489486de716d74,ccccccc
71bfaeee09141e136e12e8326557a4af,ccccccc
16387988d4346349f2921dd6fb4ca69a,ccccccc
a0f93c83965cf9e5f63685025ff75a3d,ccccccc
a603cb859219e733e3ca9f4665aa3ec2,ccccccc
f3f8c53fae108ad9ef8deacd10740ddc,ccccccc
c58b85dcc88c842abf15515677445dfe,ccccccc
53b24cc5b2b0b78a1d18498566295093,ccccccc
16af6b6b141c348568e92e8067977b38,ccccccc
00c6a4ab2b4ddfe55adfa655b7e8ba19,ccccccc
cfa5092c123a45e994799ab8ae70a66b,ccccccc
abbfa8fda8c4730dd5c0d06f29b02240,ccccccc
5f5ba58a60fc23c6c618257fdf1cdf3c,ccccccc
af1589828126c9f5db9ba8b83ee450ce,ccccccc
da69dea059f3d6ab2c0bbf465d99fc71,ccccccc
5c134095b480c2b073860bd5a373d019,ccccccc
0bfae16c221d8ad329a5ca99bb42156f,ccccccc
6938730a8938f413eafbbdfcb553a61d,ccccccc
2b3a9957d97facee26720e2439f8bff1,ccccccc
1b2751a047a30288ef9a164061ad6d94,ccccccc
bc328a44a6968e282513de99dfd3092e,ccccccc
6c5bd37782c0660c825ede48ce93a8a5,ccccccc
d9d61ca6339899e4e0089e59e3867bc3,ccccccc
c0e37d42a33d729d36133c303fa7ee0f,ccccccc
fa650b91ef06078e5bde773318b1d79b,ccccccc
ff9c8326fd15b0d331880475e10643f5,ccccccc
19136a2d6903ec833d69f15cadf5fee2,ccccccc
b3acc34228da00d2ae05908ccbd83255,ccccccc
1dc21f98ab1bcbe3431af21498a82fc4,ccccccc
3a57bbc7f88da9030c69b0b57a6d7700,ccccccc
364d499090c0cb42691746ba9711717a,ccccccc
cd790b113d667f10a8d682ad18d0945d,ccccccc
7464de46f0dd4435cee702d90dbe746f,ccccccc
b1a3ae6cb2a1448b53514962f3b4991f,ccccccc
adbb9f3bf63be9a572d8038dbfa9f665,ccccccc
d7c41833642c6383fe572c6e50bf12a4,ccccccc
3b0a04b4b888dbf68f3339cb9e821d0f,ccccccc
ef6937adf87a30a784e9c95213ae76bc,ccccccc
2dddfe2f710d3a6a864554540db4e8bd,ccccccc
71391d2ef361cc7a83f182bc8285a1b9,ccccccc
456439c7e9c25d41a89face299aa6ba9,ccccccc
9c67c26f63832b335803b73bc0355231,ccccccc
602f087f7b6e5cb6acda6fd9ed7929b9,ccccccc
5ad32abfbc3eff39ae73be897ea5e709,ccccccc
455ea90cda8724d83668c0b936ccc334,ccccccc
eb8368efed0f6c3265b4704d2d2df70f,ccccccc
5b55e51faab931189e0bca8d1cb4727f,ccccccc
ee35133cae483941f5106bd7d57d89ce,ccccccc
638fe55f279d456f95ef5d137bdecaf9,ccccccc
d38950f0942623e8d731b480f47b7a0b,ccccccc
ad487802f61ac5339fa610a4853fd17e,ccccccc
a709a8e236c43085cb955fe3191fb5c9,ccccccc
3079277412bb3ee8d2de61348c4348e6,ccccccc
771dbe9045d4b434b9ead9d2d109cf68,ccccccc
0a81c5fc278d8a5768d3838e17ba5119,ccccccc
c1823da59d1789f914456eb24e4e14c7,ccccccc
68172509d712801db863af35459a741d,ccccccc
4c0839f6c7713e3b3f79fb3085f5a314,ccccccc
de8b15beff6572080384c8bb245c488d,ccccccc
7fa2ba394bbf81ea3ee0b357a127988f,ccccccc
679355edf3b36cd329dd0cd03c50fe45,ccccccc
71d7930f0b8db0890d88d08993f156e2,ccccccc
0139adebc9b62a935bc350367fcfba68,ccccccc
c257373fa69badb6a734ef6660cf9b4a,ccccccc
cb4ccc70b782350624a294519c51ab58,ccccccc
01775d73844dd59c029dae35d03a7b75,ccccccc
54a17d346defde3c04362d1a39a7fad4,ccccccc
fadcdc50409d9ee64344ca4c67ac376d,ccccccc
a3e0fb00682eeaf3a3463fcd80ce4383,ccccccc
5e733a40175c87787b26b76b22ebcc76,ccccccc
3ceb7a46364d0b76ead7fcc35ad3e8d5,ccccccc
5d2093abdfb8dfc3af5f1cc7e7d91eed,ccccccc
e7f061c78b596c9e484104bec0ef1db7,ccccccc
bd1cb66100d485a1c04060216bb6115e,ccccccc
43f5beb4a9eb4efdc553c34306d46d8b,ccccccc
c9e2db81b418856885ea505aa07e543f,ccccccc
935df1d2f5a64976244ca3d0e5b69610,ccccccc
62017d5d51905afdb11df95b4d6ec7a2,ccccccc
f7fa56319102c5774422e30984f8b098,ccccccc
826bfba1a25fbaf8652f40afcf4983b6,ccccccc
d118d565604dd1f2390b4a8c545755e8,ccccccc
9724468134fc1588b7a7586bad585319,ccccccc
8e2f5e6283c0ba1d2c6cd49262b273f5,ccccccc
f9e3d36d760954fbb4f50ae24073ffb1,ccccccc
d9a167eff034f5813a3b1474c37271d1,ccccccc
1d0d9ae2eec27643d8c2fa0b465ed508,ccccccc
54a1962a7df4d6e3d35df1b4a9b21798,ccccccc
f459c4a32a92025aa584d8556ce7adc4,ccccccc
d021357c397e0889000b19d36ae37f49,ccccccc
0df235a151506d3acfdc92fd314a5c99,ccccccc
177abd12f9d466985e227a84d3969bb5,ccccccc
feed8fe8134e8c41825ae3bae150e6f4,ccccccc
b116ef4485b421cc4da0687a7a46bace,ccccccc
6d8214338d4678d3dd31c53dc9bcb5b9,ccccccc
05ce9a401e483bb0405c51869e8ca209,ccccccc
33c76a9ed8ba4618d5c204558a5100f6,ccccccc
0c4aded2deeb97b249b0ee94233113ce,ccccccc
367d9712f7e7bc2ba7fdcd9b29e0ab00,ccccccc
773ecb44754f0a9be8750ef8a6e9c655,ccccccc
afda72e070e9753f4fb9424f7055cbb0,ccccccc
96786674659e6441cdc75fc674dea211,ccccccc
ab307020591bc09e33238a29e25f2d6c,ccccccc
5648a4de305aa3cc7e86a4b94bc3d097,ccccccc
f2c1731823602025d1fc8859bf52780f,ccccccc
ed54e835966d9168175a489bc228769c,ccccccc
bcf9e029db04395025855558562f269b,ccccccc
aa81ca6bcde593711640395429c21d05,ccccccc
eebf87189f9a8ee30604d1b8454e802e,ccccccc
2ba11a109af5be6fdb1f333f5f2a3039,ccccccc
d9af0ab8d49adf57a853b881069fc561,ccccccc
b27fbaea8d342dcda31f70774eeb11ba,ccccccc
9d26ac8eb17610120489661e4e2347e7,ccccccc
6fe2feb3feb007d0d823ee2da52bff3a,ccccccc
11ac66bc7ec38f543514d8b6eebc03fe,ccccccc
63b92427350e1f9c56aa9d87c245f2a6,ccccccc
ed4739592cd1fddff5a299f067a3a362,ccccccc
0c73a2bc2f6db47aa8185e68a1ebe242,ccccccc
5c362e57f8dcfea254c41299eba4e5de,ccccccc
aaab91f3a00cae6343571dec4f338b8e,ccccccc
f13749fcfdac4b05da6fe9903d8394d7,ccccccc
803b83f69262e87a98810d23e9129388,ccccccc
f7de594436868698a76c48b563e723ca,ccccccc
b4268c55cb03c15af8459d55504d3e55,ccccccc
2d4c4f5b9f3d13c444632b611e3231b9,ccccccc
6ac288548c2bf6b085b0670e2168a593,ccccccc
2586609db82ad1dc525f3ee2127e54a3,ccccccc
32a4fec01a61cd165fb77fad0b45390b,ccccccc
a2e8d4768acf2d11855624947d969019,ccccccc
c26488f324ba36e5519ecdd3e22a6161,ccccccc
c9c4ce8795fff710e331a479cac3ff91,ccccccc
9add2706e26a5f88f523c0f0f28ff7e5,ccccccc
76da79a537724bbe2ef0a38116075c54,ccccccc
17bf278faacc106747472d71aff97719,ccccccc
2584797aafd147e60babfbf03f8d9591,ccccccc
cf34d4f460958869c4cd363b0d9b794d,ccccccc
f142eaf3460d2e82f70ef832c28de9d0,ccccccc
ee3483d504562cffe59a0f4b95e96065,ccccccc
088cd1d8fcec44112a6e5d5423fdbf54,ccccccc
bfc7ba9db887328666d0a28befaf5c5a,ccccccc
cd535300f77d0a32443edc4b3b3f12c2,ccccccc
7582bb1d06503411a0fb78511bf4c631,ccccccc
49954d3d515d12dd86caec9ebbb16e34,ccccccc
76a1e1245e89abf78af41b2b45803a18,ccccccc
878c332663f66bb5289274258d38dfdd,ccccccc
b0f299667c61d2e2fd48014f271c6807,ccccccc
a129d7ddefc2af4915248a1520b2cee4,ccccccc
7de62ae5218b0df614aaa6d279717d66,ccccccc
af4bce5ced25b9995dad914aa9f8445e,ccccccc
7ed741a7c929ef93553e2d483d4ff6b0,ccccccc
a33d7aab6b54d92a38872b436508cb01,ccccccc
55595787ed2e6753f8d8ded6de7803a0,ccccccc
5e5447feb172c5c4ff88804449d80953,ccccccc
c914de5186689fa28065987c102627ed,ccccccc
ed1fa3fa835b4ee4bfd3f73a907095fb,ccccccc
316158a5475a3dce27be74dc220a0fcb,ccccccc
fc9423600c0ffff437cdf2a1da635e72,ccccccc
ac0e813e1fe4594b86582d9ea69756cb,ccccccc
ae95b70cee1a69fd586d1f5e7c418b5e,ccccccc
51c3cc6cce2efe77bcbbbce49cfdaadf,ccccccc
71dc4cc700a25768956cedec25ab499c,ccccccc
71083a0e7ae5ab3aa584cdc5efc94486,ccccccc
d302a1a6d22ff2e4ed509fa9b3ce1315,ccccccc
15a32c675cf7f9f23e074bcc4d07abb5,ccccccc
e2fec03fd61166108321b1638134ac66,ccccccc
c903be4862b32a23a9d6df070e2c1741,ccccccc
02c25d7853f1d57d287f310c742f231f,ccccccc
074d36f97dc0fab9777327e21f79e4a8,ccccccc
df73fcd35369f47325f61b0ff024543f,ccccccc
5073aa9132ad7587476280295aa8c5f4,ccccccc
58c98aad413c62433c5bd6c7cfa1c183,ccccccc
f53507dee4aaf047d6986b18a65aab26,ccccccc
ebcb4007b43a2c96da2da913fccfc1ad,ccccccc
63679694f19734e90715a8cda203ba7c,ccccccc
9b3a38b1d59ebab8b0f9aed17180ff14,ccccccc
1de32b529268151a45f9d977ea91e482,ccccccc
716d2a2fbb028a61f8b51fbc54ab514a,ccccccc
d61d00f23cfb8f1257795dd527b737f9,ccccccc
090049c8a1cdfc31c6dca8ad0f78fc1a,ccccccc
f49726d73ecfab377c9c4f9ecc14900a,ccccccc
a43f01a4813b368c98bc5e65f691aeac,ccccccc
8a628d7d026d520a185dbbd1c0a8b2ce,ccccccc
086d95f52e3105d21ec9061e5cd37afc,ccccccc
cfe33954ac4e56eb3ea9e479b0068354,ccccccc
5dcfb54e09c1de4b0f649668be8a6213,ccccccc
75bb762586aa14b7edb6d8966b9754fa,ccccccc
9c1c3f7f79cf2c19ef5034d79231af1a,ccccccc
4044ed938ba38ec0dd1ba1b4cb98d70a,ccccccc
83f9b7a984ea807e2db4dece53ba24f6,ccccccc
e4f3c9bf94c8b01b944334b6a2bcbd32,ccccccc
5ffa3fa61424a05553e757155f57ad01,ccccccc
740cf2c7fa39cc657b84b6c8e782019f,ccccccc
dd3d5e782aac30e8cb95779cc6f8f52a,ccccccc
d65ecb9bb7b91d8591e62be537b1b02b,ccccccc
1e8558e36ec03474c224329e06c89e18,ccccccc
3f4b55a23f949a087a53fc261f895dcb,ccccccc
7bb55999afd6db2e60edb757e6dba765,ccccccc
3ab634c673a464ada2d6e371079d8c34,ccccccc
3ae508d77c6a9134b266c26be83b20e3,ccccccc
fa852a4541fc87507ab9d95b2a90c5ef,ccccccc
2e7a7a8aecba5f91b5f82a5b95b851c9,ccccccc
0adde5e5f22d63dde5ce736cc4c00f94,ccccccc
4da0e045e40fbeaef1314e25cc94d9f2,ccccccc
d030814c3cd589de1f49b09cbe783ecf,ccccccc
773cb0aa306b5fa4a484c4928fe5b415,ccccccc
82c3ae741d7b370b5ba30a84ef9cd701,ccccccc
a09e9065acf84a391d65f8a72a392415,ccccccc
387bdb300cdc028b6e32119217657512,ccccccc
6560c6468c76a04a0d35084682b1b3d3,ccccccc
f7e7506b47d60df0e3d2a9e5e1deebd1,ccccccc
f74413d00cb5b9a90b212e4b9bd1d26c,ccccccc
2593d7f602bb0054ef86fd4d3af96087,ccccccc
9ac2509a8a3cb8bd6acf00526fab3707,ccccccc
264950623adb224cac67edb8dc78109d,ccccccc
6ded087ca2b3209a61a006bd87325dac,ccccccc
ba4dc1e64799cd476d8bea194b7fa3d0,ccccccc
102a88430a4dedceecfb3c27c6ff157a,ccccccc
10d444325acfaa480edc14e9a9d23d73,ccccccc
26db183005fd928e6099da4c63ad8f0a,ccccccc
7904a2d83d039a1aae43c6ec7d019751,ccccccc
2107ae93ad8f99ab94afac1650029d26,ccccccc
4faf5ac2b93ae41ff739c5cf71275e52,ccccccc
0ddfbdb8dd5aee83ca637ae86afc109a,ccccccc
a8de58c49750d818de7c093cae537102,ccccccc
75f46809fcc6b313246a504881cc5bcb,ccccccc
c1e461027f6e446c88081a0a511b1b90,ccccccc
1fbb8ebf37127715ffa994c28ff0f197,ccccccc
0043ff6de64b302277b1282de708fc40,ccccccc
0eed5c41ec21351ad4bfe9505bb21e32,ccccccc
702ec216875dd48b3a50e3c9c74b4cb6,ccccccc
30f7017572c5e1bb11818da41c6bc40c,ccccccc
a2dfe8cc5e301ad4ec2c6ac2b2a35f19,ccccccc
49d85a4fbf24d28673cf1803f58e85b6,ccccccc
6127dcf0c02a930be97457381039df5c,ccccccc
c47dfe3fc7a2736ed45583ab34bf0730,ccccccc
726a22a02e4a100289e26fc0a4afdf76,ccccccc
8d20a100a9f466e1f8865970a934ba48,ccccccc
8e3d255f1c5e5331109083045ebf66b3,ccccccc
f8bc31de2fafc968d808b3202be74773,ccccccc
01ec224c5618f27b336f5d1a5e0075fe,ccccccc
cf9bfd4ea9ed7856cdd6da8a920c7f94,ccccccc
81621d69209f4063fe83232e0990b024,ccccccc
a804cf1b634a380b4771d608d87b3f86,ccccccc
4fbd178aee929f50060fceffc38927bd,ccccccc
bf9229cc75687d4dfe23ec335dbb208f,ccccccc
f2012ea7dbcb74c03a54d59e7fdcb863,ccccccc
bd9550ea98673b7d6a91ea1073757bac,ccccccc
1bc92337c248689dd0e58e54033f76ce,ccccccc
1a6b7e83dc675b1914a18f92fe27369d,ccccccc
94d4c52410ae31632ed54a8af9ae1517,ccccccc
4db9098696a652945b95fe37fcf5d716,ccccccc
8485a722940af31cd70ecfd3dfdbb676,ccccccc
5c45ca78a1e02aad790b61068c9b30b8,ccccccc
f5e9193eb8f078c643868d918745d5bd,ccccccc
ba46e0921baf9e84f9e33426b3f73250,ccccccc
b8ca8fec3f7711391cd3f92089ad6c6d,ccccccc
24a12e05cf160b39dad3332d22e92d75,ccccccc
73ea567ec3790f463bc3f94edcbfb426,ccccccc
57e950fac5580276e76f57233c075072,ccccccc
d61858704600ffd8ef70395df1cdf861,ccccccc
3daa84f0935c1111e52a07fd7bdf5251,ccccccc
533d1cd3e0df6a63fcb4f0c27d2b88b0,ccccccc
a144162d3dfc3450eae0d260747927b0,ccccccc
40d19781861f032bf9fc95fc1ac6f639,ccccccc
38350d8d32f3cc400f871374744ac491,ccccccc
8f9bccd2e90b4ac552aa952a384b3886,ccccccc
336fafb370908c53a3d35ffaabbce567,ccccccc
7beec2bdedc3818411d950581e8a78b7,ccccccc
25b0d96c2926952f01778d9d3d2932f8,ccccccc
0f6407fe0bc396c850a28bcfcb6351f1,ccccccc
d05291623833724dca3e93a98114022a,ccccccc
ad594d8a852951552ffc2265feff4f5c,ccccccc
5996c60033d60d32cea0d3cc2bdc2e4f,ccccccc
22e34b1d9d19b0443ef89aedf71da5a8,ccccccc
84063ca03ef4dde8ae4ecc332c89de82,ccccccc
66c7d00935c89bf46240a7ad4ead7a15,ccccccc
4e412e6439836f495218de12c601473c,ccccccc
0e5934b6a73b2adceb19977985043230,ccccccc
bbb7207b462039801b84072fb134c269,ccccccc
543b0ce1ef6b0f1aff77433b924736f7,ccccccc
9b12787725ef4f8b62f4256e921708fa,ccccccc
a23b831412e3c1467f557bb16cb81583,ccccccc
350b8b5a04ca14e20fc29046709a5dc8,ccccccc
d4cbbd990c0b2f771343f81635925738,ccccccc
359a8c1a8132e8695b0d19d30b1a4e8d,ccccccc
fc4c8cbe59b5e7148b6cf3879ca09bf5,ccccccc
328a6935c970379597735a0e95c44e60,ccccccc
34f56a42f1ee35f8fc87ef1cf3b8d736,ccccccc
280c806410bf842c5081bb737ae8f05c,ccccccc
2a2b484737e7a23082fd4363c7cc6f85,ccccccc
0a4738fa5c11ebc5d7d00e8ba9092e76,ccccccc
6e6a9b432083c9e78caf8ff827126cfd,ccccccc
454a59f2e34a2aa5d55a38f51f7f8b7b,ccccccc
bc10b53e8d5d84082a56755e4ac37c90,ccccccc
493d760d238d09ebf5f4cdf5c35409ae,ccccccc
afbc97caf3c4a2d0d6a0bff76ce3258e,ccccccc
9bc2278f1dd2d6cad46698f46508093d,ccccccc
ee404522efd0d659e31b2e911ab7167d,ccccccc
d13c42f2b9053b559c86dcf6bff2318e,ccccccc
30a5fc163b1640a9a849232f4cdc9fd7,ccccccc
a9478e52c948206022c30df6781f79cf,ccccccc
0d81d559d2656f55287285d8af24847f,ccccccc
49e57f1bea7736957fbb585a5c2e3d34,ccccccc
94dd56ffa5bc30b8e0897d5243d1e5e0,ccccccc
1d99fcea5668186992637b3293eaa523,ccccccc
0c5b0d95a8b362225d2e57f50be972e4,ccccccc
935f0717c24c0d5c08f9c01007416e1b,ccccccc
911be0437f8b53f84e8e0d538bc8db5c,ccccccc
73806de026c993b8d02a974d2344a038,ccccccc
462a551c54ccfa931d24a7e1213a1915,ccccccc
beb8a72bcd05fd6bd6c81d06c4f1c5c4,ccccccc
32fba087ef9c85bf9eb4c4fb4feaff68,ccccccc
d123d52d0b83d18a27a992ca89fc5df0,ccccccc
4ca7494a0a551ac413abf6b37347282f,ccccccc
3d94e5f94965ce9b8c7cff799f04769b,ccccccc
e5d945ed36f18b5f6082a07c3dd48c4b,ccccccc
ce355e3ef32256ca3009e43018505764,ccccccc
9ee66dfec1a17e821330bedab59c630a,ccccccc
38fe86b98362fbdefb833648d32d57af,ccccccc
960dc47fa21f9cf906fee443fa7b5184,ccccccc
d2208e29b457ab85872936dc25f498ba,ccccccc
8c5f804e47a470106608f7ec1f315f68,ccccccc
fbf3e4b981d98d32a3243feb1a446751,ccccccc
75fc76209d37915d7ea6226105165558,ccccccc
42517120df9c1b08943f0ea1240af69f,ccccccc
3c762df24784d97196a5980cb58a4671,ccccccc
46230d6a95c3f16bb91973ec75ef47ed,ccccccc
77c95c3ca7fc426c465d1f0cccfe8f0e,ccccccc
0a6ebba1335533e2844011ea4e7377d6,ccccccc
73debbc4828cace10ff9fbe3c1c06efe,ccccccc
1553d2332c8f815aa929c17d536300a4,ccccccc
6cd7df55c3f6adaccf2b7ae822d265cf,ccccccc
2e92187d3853033b5177585ef483fb27,ccccccc
d0d2d5d94cd3937b05c88da626186f6c,ccccccc
ed3a447a67f30de385777dcc92347979,ccccccc
cecaede0f078e3f25059baa472101270,ccccccc
b73bfff218b543d4f129e0f7ad6cf731,ccccccc
c67c838a7a9baa6c8452e4264becc5e7,ccccccc
3b798d3d4009b5cfe43fab8ee88c059c,ccccccc
3c5d0ad04f3a2c599cd5eee14cd26916,ccccccc
8eafb99cbce098d0b00f4766804827ca,ccccccc
d35b9bec5f2284fe31d925c2bb09fc31,ccccccc
87452b8341e9bdd5a3cbfdaa86a11c6f,ccccccc
fc00a82d96ff676765ae03174d75794a,ccccccc
8841cc3cd2cccf39b7b2df7340479fb1,ccccccc
4e3d716e2cf9f50c11319f125015a4d7,ccccccc
d189bfff4aff14996ac54deb7bf1cf79,ccccccc
4c599a292a95e41ebda8b6746b8efeaf,ccccccc
500ab9fb8ba6df26d62c2cab651eb639,ccccccc
50507a3a752f8a5321ab2c095d326628,ccccccc
ea6c20eadba1332e67ee09a186a62723,ccccccc
da8bbd8575cd0ff8a33e343258325bae,ccccccc
2feb95559f6faec13193ce9548eecc48,ccccccc
5833707f5e196594acd7d4a21e3c0916,ccccccc
5dc675983e40ab7e4e84a1e12c903630,ccccccc
9459a564846fd6676c23ea6a63209e73,ccccccc
5ca800a5369b6322bfd24c342e23f286,ccccccc
14a32ab5239fe1f7ec77016fa97f989b,ccccccc
df069556082f3ac302b5f3002602a1a2,ccccccc
b80d2a2a1cb45a5baef94403b8ba7ffe,ccccccc
d195dd8856997b05b0251762a85bfdd2,ccccccc
c624b9ea4e334f3df6eda51e0e5d0c56,ccccccc
f5b01c8c16540b97b7abc46932e9d30c,ccccccc
d283469412c5e49c81a6dd6127a71484,ccccccc
3c13c7915f14bc2aabfd38e7474860b7,ccccccc
80aa54b5a33245fb32dfa222a727e4c8,ccccccc
c6252ffcb40be611281a7498b54273be,ccccccc
b753a3e6c2cdaf0e6241c8fda739f047,ccccccc
fd08e966a485bd079be160f473c189e8,ccccccc
ec194e7dd7c46401b903e3e5dd25b5f2,ccccccc
604254e2b772e2e96e1211af8055ac20,ccccccc
dc0681b2c52abcbb65b88089ba1af058,ccccccc
c2ef198146a1a67d58529c2ac44b0b5c,ccccccc
2033737b24ef11b9df09b7b9ecc7836b,ccccccc
de3a396cdb856a59faa93987f003289a,ccccccc
922141fec9517af40b74eee17008d139,ccccccc
1c9fbc42c5e8b7983526980b940ec6a9,ccccccc
a8e64a28f8de185fab7b496a2887992c,ccccccc
61325b49a1097088b0d7ceb940eba1e2,ccccccc
e48b91d59ab18240620eb8474ddf12af,ccccccc
69eb266e72c12b72144507c8cab6864f,ccccccc
8af399ca9038b01c12145ef77bc0166a,ccccccc
0e5c68a10f4cb53ef8010531bccda36b,ccccccc
c8c8d7992e2c50466bdb467dde22c9d9,ccccccc
e2e184318af97666a8aeaaa52446d756,ccccccc
60a01744e26443a3e264ea34e85846d7,ccccccc
10d61f47639657575c2d883ade700ca6,ccccccc
677f44727903b067ab2f237268f9399c,ccccccc
84dfdc894fbe2abd987058f46e603818,ccccccc
3082dc314df972d9792c9e1abbb91649,ccccccc
cffe9f7e44b8b49f45cc371a29df7df0,ccccccc
376fe128ea59c0ade500afaefc94034a,ccccccc
d090f70d5cfda9f7ee1249d7200aabb0,ccccccc
1c09dfe63386c43cd0627c76698b9dfc,ccccccc
f856e6f56e5f5039aef344d4a6e1dce0,ccccccc
3a6f18626e8cec094a748d9f722c43e8,ccccccc
4d336c96d7d00c5f76efb15cc169e15d,ccccccc
c0689017f2fd7989e2d9369eac106cd3,ccccccc
aadacfc0e2b478744adbe3300da872fa,ccccccc
2d56cedc81cf8077df412df8e9381281,ccccccc
e792c238e8b85de60607f77d190af6dd,ccccccc
b1b168c852c8045bcfc91e1dc861130a,ccccccc
b83259bb240560a7e47ac2a931d40ed0,ccccccc
89f8b1a07787757c22534562f9028c3a,ccccccc
8aa04b9d491475336538205cce25abcb,ccccccc
2e6e564e76ce02a17046878f5cb333c5,ccccccc
dda11145523b8f037b021c9a649abbee,ccccccc
48fbd92c8db9f6fdc840620189c7bc98,ccccccc
eba6988a96495a7644de8a81d13ccb57,ccccccc
b59b559d83596ef86386d212fbb943d4,ccccccc
5badcbb5c674e9e7e0891cb19ce3b57e,ccccccc
9d962baea889ef23829d5adbe7b33dfc,ccccccc
a01ea0419ccf395c813e2961b536f807,ccccccc
1be5a798bb525a5162c2cdb97b455b22,ccccccc
e2a3ed4a9482c37cdf23afb215481bc3,ccccccc
c16b1aed9ba01792121a375a1139cd18,ccccccc
2ae96f26bc78cd69f089c39def8e8638,ccccccc
0450739772afce25fb3dfbf14bd532c6,ccccccc
956ab9cd8f6f8c51a31208a639d1e3f8,ccccccc
fad220b5131e48eed320952816b4ba43,ccccccc
7c29d784016cce3ccb26db7217b9cf35,ccccccc
0f0094984ebdc77dcc4c5daf8ffcd3f6,ccccccc
148438c3e62363c18c5d85fb025d536a,ccccccc
943984db9250d55b981444e7f0d68aa0,ccccccc
9ef4ab2973b0db2dffb70b1fd853b509,ccccccc
b0ecd8057a91c9ad20ecc8c19ad37ec6,ccccccc
7706184f1a87c59ccb3965b826a4365f,ccccccc
f421c3dc4e6dc28a803076ce646665df,ccccccc
0b9c9d1096b9b0f90228c30700aa9c12,ccccccc
7ccdec59481225b063c40683d6a137e5,ccccccc
809d9ce3e3ad63d1624e08cedccf45e9,ccccccc
9964cc8749078cd98284b2978bf4edef,ccccccc
70d578b9e2d9db573f48aa735458c4d0,ccccccc
ddae84f41bf893283794fb2e9bfd358f,ccccccc
e4bdb926430225e6e8705d3999e0d3fb,ccccccc
9f4d5a4573da4b9aab7abd25b976151f,ccccccc
6d6c0cc3cd2cd8aa9ccc19832b6851f4,ccccccc
7bc851477822aa5f477f60777718a913,ccccccc
ff0c1f9b1af48c080b8e3bbaa9bb13dc,ccccccc
dd05f93ee55b47b3c3b7f43054ebb057,ccccccc
98750f76df9482777e42c13afe850658,ccccccc
0c27c59824a21134f6c215883044f91a,ccccccc
f8e6d51b1fb2fb04467a100ee43e6c3e,ccccccc
1721cb171110aee27d5022f675ed0929,ccccccc
b5a8aae44ead720f367f06395f7e2aed,ccccccc
af674c23a0a0299271ca16eb281f7544,ccccccc
9630111e2e8a15a7dd1455bad40dab56,ccccccc
99a82d20edb0b9d3bb07cfb5831cf925,ccccccc
2f5eb3eb28b0163fbd570e0f04ae766e,ccccccc
fb43976aa1630fe171c274d1fcb001bc,ccccccc
6212d0a112e2100c002280b21cbfdfd1,ccccccc
4c0336bcc24008799e95e2f459a533c1,ccccccc
98e368757ace47ace42f0b6ab4377327,ccccccc
ab4a828a4d7cfceeacb566470b943758,ccccccc
f76db82d02ec88a18a9f26720c9fc6be,ccccccc
cd04c0f236c6c3c386d8d42008413f53,ccccccc
0445b75e1738c044e16c502b61f1a6d3,ccccccc
d8d7eb76b877f184c97847faa3b9084a,ccccccc
7a992e192a78cb8a141b0dd76ef0f4c6,ccccccc
462f2e91373bc8b14ecd3cb315ecaef9,ccccccc
bce8a43fae10ca1c173da1fde659a1a9,ccccccc
940b818faf5187db04e4a851e0bc8bfa,ccccccc
24cac3d7eb03a036ae52c8687a7e96f1,ccccccc
0073656902aa973c8907576f1f0976ee,ccccccc
6b627fe93dc2e2eebf10e722fd5f9c00,ccccccc
8b52651d9e53d7aabb9f6df81a78773b,ccccccc
ee0eee7c6fdecd4c4c3e5af9f72e4bf9,ccccccc
a7595364da6c326da87f568971a9c21f,ccccccc
0e4f4110d9325589b6f7564d97724c71,ccccccc
9e5ba6fda0e445413896cb11fa6fc2d8,ccccccc
f7d45d85000c45a8d5e9e120aee818b5,ccccccc
1d18e2a1c30c7abc507fa9e9696b1d84,ccccccc
c4b423b8a0e50be58f9c0cf370f4df69,ccccccc
8abc561dc2461272dfe3c9e8196ebcc2,ccccccc
2681161053a8e9d2701ea6d512cb626e,ccccccc
20d7652a2bab83068b8197f0ca2b0b8c,ccccccc
f051af22dc1398049d510dcf2be426ac,ccccccc
3987a798616a2a7d9297112bfaa88f70,ccccccc
16200d4024e1f120c8e45a8e904234bb,ccccccc
94f26ec6085f6f21b51ceb5864d82a43,ccccccc
5ad926452e5c4702c922fb6549dcd540,ccccccc
b34b1aa39813876a1ef799a2912efbd3,ccccccc
f7d802c3e826f7917eba619c54bc576e,ccccccc
12bd7316d6674503e4233e2202c72538,ccccccc
420c9b337c2205eef4be8f1d398db11d,ccccccc
532b14b777197fdb1e5ab2699b41fe2b,ccccccc
946a2f005b7c41d9cd96724be52bc5b4,ccccccc
4e5484e135dda0aed8dc01ba3f259d22,ccccccc
7016b7004a4f2a120aa804b43169b87b,ccccccc
fc394671041402c63777ee4d9f2bc883,ccccccc
6bdc077d413ef3c08c6f703cf279f981,ccccccc
7786b857a641be89634e1473104e6eea,ccccccc
4b647eb75a73956f070725f5d4032a59,ccccccc
e013f24cf1eaddb47c2973c392a1fb10,ccccccc
a50e4ccfb7a599537f9bd8c2295485a4,ccccccc
fdfca1ad3402b515b26f76eff1a1dca0,ccccccc
51e7907589aeebe60a69ac3eda0bff76,ccccccc
5e5f46bf9f1b3f8c72dc8f10fea03f19,ccccccc
d0b19bfef613ec97efe5fdb79a327282,ccccccc
084e69e0e077f649631d626cd2a41e1e,ccccccc
187e2e5b1b57e5f779c908926dfe395a,ccccccc
62b89e6c96f5a24425908a7bd5dadbea,ccccccc
ebf1b683f2875f27ae02a0f2323a3c17,ccccccc
2238c7ea9354e0405749d2a5a19e7169,ccccccc
d95aea42798a7149db8c1107a6c03fdb,ccccccc
7dfc9541ebd09495ff1af6e6c77f0d61,ccccccc
9da3ef1a7d63b29f31070e00fa95ea29,ccccccc
f1f18d4a2f26546537197802d84800f1,ccccccc
f7f9c46bb44e3180c006fe7403970cc3,ccccccc
0a9d535acdb6dd9f2c654805340c4f05,ccccccc
b2d9acb6eeb4d8bac8c33c83889c28d8,ccccccc
db1e09b23d67910ccebe29930cd0325a,ccccccc
15b4dbeff3fe1b2c484caafe1ffde1c3,ccccccc
92c7ef0ddffaf4664ecf4f4ff2f581e7,ccccccc
1e745d646d6ea5ece28b4ae98ee603f6,ccccccc
98e36517925fb62bfe88b0790bcfcc4d,ccccccc
3e47f23366a14141f68700c5467344ac,ccccccc
b973658e3dcfc02e4d20f36fdb0b72df,ccccccc
aab0b1cb7e2735fa50d0a72ff6ad3b39,ccccccc
9531d5d6fb33e0c2f082d803b57cf90c,ccccccc
7db197aeeb924d5c0c0b54da3c2a0529,ccccccc
1b850e5db1712996a55c9dd76a531c23,ccccccc
a8f208a88e69954b40793386c3736096,ccccccc
9ac60c947e6fd5f06dd31b6d08acacd6,ccccccc
7fee2003beabadc3c458defb084c9afa,ccccccc
3508c57165bfc7ac644b0e9b819d0d95,ccccccc
a008bf18f6e1caf08369274581cfcb2d,ccccccc
d4c482e4c37ec1990e7eb4c5c871ce2e,ccccccc
025741e9e7bb1c33136a8e3f7827e9d6,ccccccc
35920bbbe017612102799d73332a52d5,ccccccc
01490ea4b6bbe83a7903d60ea07e63f9,ccccccc
1ab9ce66338b78efb881344ce518925f,ccccccc
5845c5a79f29681d286a47c0b153dec0,ccccccc
56da3f4b78e5b30a5ab360d3aed7083d,ccccccc
5a9834c5ceb2f27b9e48ce8cf555ca00,ccccccc
88617c9b98254faf4dca269362040131,ccccccc
f6369fd3b3c339fb464144724ac4817c,ccccccc
a0c2d817b046415ad02d248d9133411b,ccccccc
622c35abad63566eb5ba04afb28b2cc8,ccccccc
d64600de7a6903e75606d32c116a6ea3,ccccccc
991d5c0c1959b1ded99e8b69755123f0,ccccccc
104db199af0c595014a98f78ee29baab,ccccccc
69ff171b28e2ad4794649701588bfb3b,ccccccc
4b163c21e8111e4b2215d7bf91cdd462,ccccccc
451750da1f8496c2bf4912c9026ce064,ccccccc
9406091a296339fde1cae58314f8ed8e,ccccccc
abe0f01e59f2c877d22db5d448621787,ccccccc
f85540a944a4ba9454468a08f54095ca,ccccccc
02afbc798eaf2536b86cb5c350e3b015,ccccccc
551d228f1dcca1c16526ab8a0f4db77c,ccccccc
