"user1000","123456"
"user1000079","123456"
"user1000088","123456"
"user1000097","123456"
"user1000169","123456"
"user1000178","123456"
"user1000187","123456"
"user1000196","123456"
"user1000259","123456"
"user1000268","123456"
"user1000277","123456"
"user1000286","123456"
"user1000295","123456"
"user1000349","123456"
"user1000358","123456"
"user1000367","123456"
"user1000376","123456"
"user1000385","123456"
"user1000394","123456"
"user1000439","123456"
"user1000448","123456"
"user1000457","123456"
"user1000466","123456"
"user1000475","123456"
"user1000484","123456"
"user1000493","123456"
"user1000529","123456"
"user1000538","123456"
"user1000547","123456"
"user1000556","123456"
"user1000565","123456"
"user1000574","123456"
"user1000583","123456"
"user1000592","123456"
"user1000619","123456"
"user1000628","123456"
"user1000637","123456"
"user1000646","123456"
"user1000655","123456"
"user1000664","123456"
"user1000673","123456"
"user1000682","123456"
"user1000691","123456"
"user1000709","123456"
"user1000718","123456"
"user1000727","123456"
"user1000736","123456"
"user1000745","123456"
"user1000754","123456"
"user1000763","123456"
"user1000772","123456"
"user1000781","123456"
"user1000790","123456"
"user1000808","123456"
"user1000817","123456"
"user1000826","123456"
"user1000835","123456"
"user1000844","123456"
"user1000853","123456"
"user1000862","123456"
"user1000871","123456"
"user1000880","123456"
"user1000907","123456"
"user1000916","123456"
"user1000925","123456"
"user1000934","123456"
"user1000943","123456"
"user1000952","123456"
"user1000961","123456"
"user1000970","123456"
"user1001069","123456"
"user1001078","123456"
"user1001087","123456"
"user1001096","123456"
"user1001159","123456"
"user1001168","123456"
"user1001177","123456"
"user1001186","123456"
"user1001195","123456"
"user1001249","123456"
"user1001258","123456"
"user1001267","123456"
"user1001276","123456"
"user1001285","123456"
"user1001294","123456"
"user1001339","123456"
"user1001348","123456"
"user1001357","123456"
"user1001366","123456"
"user1001375","123456"
"user1001384","123456"
"user1001393","123456"
"user1001429","123456"
"user1001438","123456"
"user1001447","123456"
"user1001456","123456"
"user1001465","123456"
"user1001474","123456"
"user1001483","123456"
"user1001492","123456"
"user1001519","123456"
"user1001528","123456"
"user1001537","123456"
"user1001546","123456"
"user1001555","123456"
"user1001564","123456"
"user1001573","123456"
"user1001582","123456"
"user1001591","123456"
"user1001609","123456"
"user1001618","123456"
"user1001627","123456"
"user1001636","123456"
"user1001645","123456"
"user1001654","123456"
"user1001663","123456"
"user1001672","123456"
"user1001681","123456"
"user1001690","123456"
"user1001708","123456"
"user1001717","123456"
"user1001726","123456"
"user1001735","123456"
"user1001744","123456"
"user1001753","123456"
"user1001762","123456"
"user1001771","123456"
"user1001780","123456"
"user1001807","123456"
"user1001816","123456"
"user1001825","123456"
"user1001834","123456"
"user1001843","123456"
"user1001852","123456"
"user1001861","123456"
"user1001870","123456"
"user1001906","123456"
"user1001915","123456"
"user1001924","123456"
"user1001933","123456"
"user1001942","123456"
"user1001951","123456"
"user1001960","123456"
"user1002059","123456"
"user1002068","123456"
"user1002077","123456"
"user1002086","123456"
"user1002095","123456"
"user1002149","123456"
"user1002158","123456"
"user1002167","123456"
"user1002176","123456"
"user1002185","123456"
"user1002194","123456"
"user1002239","123456"
"user1002248","123456"
"user1002257","123456"
"user1002266","123456"
"user1002275","123456"
"user1002284","123456"
"user1002293","123456"
"user1002329","123456"
"user1002338","123456"
"user1002347","123456"
"user1002356","123456"
"user1002365","123456"
"user1002374","123456"
"user1002383","123456"
"user1002392","123456"
"user1002419","123456"
"user1002428","123456"
"user1002437","123456"
"user1002446","123456"
"user1002455","123456"
"user1002464","123456"
"user1002473","123456"
"user1002482","123456"
"user1002491","123456"
"user1002509","123456"
"user1002518","123456"
"user1002527","123456"
"user1002536","123456"
"user1002545","123456"
"user1002554","123456"
"user1002563","123456"
"user1002572","123456"
"user1002581","123456"
"user1002590","123456"
"user1002608","123456"
"user1002617","123456"
"user1002626","123456"
"user1002635","123456"
"user1002644","123456"
"user1002653","123456"
"user1002662","123456"
"user1002671","123456"
"user1002680","123456"
"user1002707","123456"
"user1002716","123456"
"user1002725","123456"
